gstin,name,address,city,state_code,registration_date,gstin_status,director_names,phone_numbers,mca_cin,director_dins,mca_filing_status
09AAACA1000A1ZA,Shri Ram Infratech Pvt Ltd,"548, Badal, Rourkela-686438",Hyderabad,TS,2011-02-28,ACTIVE,"['Jeremiah Wali', 'Dev Sachdeva']",['4417587544'],U45201TS2010PTC100001,"['DIN-01000000', 'DIN-01000001']",ACTIVE_COMPLIANT
07BDHCM1017F1ZC,Bharat Civil Projects Ltd,"71, Sundaram Zila
Pudukkottai 138029",Northeast Delhi,DL,2020-01-22,ACTIVE,"['Urvi Kala', 'Indira Prashad']",['2146128883'],U45201DL2011PTC100002,"['DIN-01000002', 'DIN-01000003']",ACTIVE_COMPLIANT
24CGQCY1034L1ZE,National Constructions & Engineers Pvt Ltd,"H.No. 15, Tiwari Marg
Imphal 709814",Ahmedabad,GJ,2018-07-05,ACTIVE,"['Saumya Basak', 'Alexander Nagi']",['8717985905'],U45201GJ2012PTC100003,"['DIN-01000004', 'DIN-01000005']",ACTIVE_COMPLIANT
07DKXCK1051R1ZG,Hindustan Roadways & Infrastructure Ltd,"603
Deep Road
Malegaon-701321",New Delhi,DL,2015-09-15,ACTIVE,"['Yoshita Balakrishnan', 'Upasna Anand']",['+916391275320'],U45201DL2013PTC100004,"['DIN-01000006', 'DIN-01000007']",ACTIVE_COMPLIANT
06ENECW1068W1ZJ,Pragati Builders & Developers Pvt Ltd,"H.No. 96
Varty Road
Korba 988816",Rohtak,HR,2015-08-18,ACTIVE,"['Ladli Dass', 'Fiyaz Bobal']",['01364855658'],U45201HR2014PTC100005,"['DIN-01000008', 'DIN-01000009']",ACTIVE_COMPLIANT
19FRMCH1085B1ZL,Vikas Engineering Works Ltd,"00, Puri Nagar, Rohtak-802883",Malda,WB,2021-02-27,ACTIVE,"['Dipta Malhotra', 'Kamya Nigam']",['4620552471'],U45201WB2015PTC100006,"['DIN-01000010', 'DIN-01000011']",ACTIVE_COMPLIANT
23GUUCU1102G1ZN,Ganga Infra Projects Pvt Ltd,"21/19, Rattan Marg
Gulbarga-689202",Rewa,MP,2011-02-12,ACTIVE,"['Isaiah Brahmbhatt', 'Arin Singhal']",['07975337126'],U45201MP2016PTC100007,"['DIN-01000012', 'DIN-01000013']",ACTIVE_COMPLIANT
21HXBCF1119M1ZQ,Yamuna Civils & Highways Ltd,"H.No. 848, Gandhi Circle, Belgaum 604702",Rourkela,OR,2019-01-24,ACTIVE,"['Anay Hora', 'Vasatika Bahri']",['01875840034'],U45201OR2017PTC100008,"['DIN-01000014', 'DIN-01000015']",ACTIVE_COMPLIANT
37JAJCS1136S1ZS,Kaveri Infratech Pvt Ltd,"H.No. 049, Bail Chowk, Dhanbad 754940",Visakhapatnam,AP,2012-08-14,ACTIVE,"['Isha Natarajan', 'Pallavi Palla']",['+915637519736'],U45201AP2018PTC100009,"['DIN-01000016', 'DIN-01000017']",ACTIVE_COMPLIANT
27KDRCD1153X1ZU,Godavari Civil Projects Ltd,"301
Chatterjee, Guntakal 989342",Nashik,MH,2011-03-24,ACTIVE,"['Gautami Patla', 'Ekbal Bhakta']",['+913638563336'],U45201MH2019PTC100010,"['DIN-01000018', 'DIN-01000019']",ACTIVE_COMPLIANT
07LGYCQ1170C1ZW,Shivalik Constructions & Engineers Pvt Ltd,"00/70
Bora Chowk, Lucknow-542747",Northeast Delhi,DL,2016-11-04,ACTIVE,"['Banjeet Lal', 'Theodore Mahajan']",['08452473004'],U45201DL2020PTC100011,"['DIN-01000020', 'DIN-01000021']",ACTIVE_COMPLIANT
27MKFCB1187H1ZY,Himalaya Roadways & Infrastructure Ltd,"15, Sha Zila, Guwahati-286635",Amravati,MH,2022-09-06,ACTIVE,"['Adweta Barad', 'Pooja Murty']",['6148391930'],U45201MH2021PTC100012,"['DIN-01000022', 'DIN-01000023']",ACTIVE_COMPLIANT
27NNNCN1204N1ZA,Apex Builders & Developers Pvt Ltd,"458, Kalita Road, Raichur-724323",Pune,MH,2019-07-25,ACTIVE,"['Irya Padmanabhan', 'Rudra Samra']",['9259317723'],U45201MH2010PTC100013,"['DIN-01000024', 'DIN-01000025']",ACTIVE_COMPLIANT
33PRVCZ1221T1ZC,Prime Engineering Works Ltd,"H.No. 52
Nanda Ganj
Berhampur 943359",Erode,TN,2019-11-23,ACTIVE,"['Varsha Apte', 'Ryan Sha']",['1029298460'],U45201TN2011PTC100014,"['DIN-01000026', 'DIN-01000027']",ACTIVE_COMPLIANT
27QUCCL1238Y1ZE,Universal Infra Projects Pvt Ltd,"H.No. 40
Rout Street, Hindupur 317886",Thane,MH,2019-04-29,ACTIVE,"['Nikita Randhawa', 'Ansh Balan']",['+916295231131'],U45201MH2012PTC100015,"['DIN-01000028', 'DIN-01000029']",ACTIVE_COMPLIANT
19RXKCX1255D1ZG,Sterling Civils & Highways Ltd,"44/22, Bala Road, Sagar-717452",Malda,WB,2020-03-20,INACTIVE,"['Saanvi Sawhney', 'Vasatika Balakrishnan']",['05568727568'],U45201WB2013PTC100016,"['DIN-01000030', 'DIN-01000031']",ACTIVE_COMPLIANT
21SASCJ1272J1ZJ,Pioneer Infratech Pvt Ltd,"501, Ravel Ganj, Malda-418321",Bhubaneswar,OR,2016-09-02,ACTIVE,"['Hardik Lad', 'Pahal Kumer']",['2670827912'],U45201OR2014PTC100017,"['DIN-01000032', 'DIN-01000033']",ACTIVE_COMPLIANT
33TDZCV1289P1ZL,United Civil Projects Ltd,"H.No. 746, Mohan Path, Bharatpur-972326",Madurai,TN,2011-09-01,ACTIVE,"['Edhitha Tiwari', 'Ishita Bir']",['9067552942'],U45201TN2015PTC100018,"['DIN-01000034', 'DIN-01000035']",ACTIVE_COMPLIANT
03UGGCG1306U1ZN,Navnirman Constructions & Engineers Pvt Ltd,"H.No. 56
Mohan Circle, Kulti-809554",Mohali,PB,2020-11-30,ACTIVE,"['Mekhala Bahri', 'Sara Vora']",['07226611216'],U45201PB2016PTC100019,"['DIN-01000036', 'DIN-01000037']",ACTIVE_COMPLIANT
24VKPCT1323Z1ZQ,Sankalp Roadways & Infrastructure Ltd,"H.No. 791
Aurora Circle
Gorakhpur 478038",Ahmedabad,GJ,2015-11-08,ACTIVE,"['Jack Dyal', 'Samesh Din']",['+918147613313'],U45201GJ2017PTC100020,"['DIN-01000038', 'DIN-01000039']",ACTIVE_COMPLIANT
03WNWCE1340E1ZS,Samrat Builders & Developers Pvt Ltd,"H.No. 733, Nori
Jodhpur-305808",Pathankot,PB,2016-07-03,ACTIVE,"['Gayathri Rajagopal', 'Ubika Nagi']",['7560458170'],U45201PB2018PTC100021,"['DIN-01000040', 'DIN-01000041']",ACTIVE_COMPLIANT
29XRDCR1357K1ZU,Rajdhani Engineering Works Ltd,"11/308
Pillay Road, Amroha-789584",Belagavi,KA,2014-10-27,ACTIVE,"['Vihaan Sur', 'Gayathri Suri']",['1976910347'],U45201KA2019PTC100022,"['DIN-01000042', 'DIN-01000043']",ACTIVE_COMPLIANT
09YULCC1374Q1ZW,Swastik Infra Projects Pvt Ltd,"H.No. 265
Cherian Circle
Dewas-019442",Ghaziabad,UP,2012-05-16,ACTIVE,"['Sai Varughese', 'Girik Mani']",['+912703755510'],U45201UP2020PTC100023,"['DIN-01000044', 'DIN-01000045']",ACTIVE_COMPLIANT
10ZXTCP1391V1ZY,Surya Civils & Highways Ltd,"H.No. 32, Kohli Road, Bilaspur-309974",Purnia,BR,2022-01-17,ACTIVE,"['Simon Chand', 'Imaran Palla']",['00129004676'],U45201BR2021PTC100024,"['DIN-01000046', 'DIN-01000047']",ACTIVE_COMPLIANT
10AAACA1408A1ZA,Shri Ram Infratech Pvt Ltd,"148
Deshpande Chowk, Machilipatnam-852089",Gaya,BR,2020-02-28,ACTIVE,"['Riya Srivastava', 'Imaran Sidhu']",['+913260928496'],U45201BR2010PTC100025,"['DIN-01000048', 'DIN-01000049']",ACTIVE_COMPLIANT
19BDHCM1425F1ZC,Bharat Civil Projects Ltd,"56, Prabhu Chowk
North Dumdum 868681",Howrah,WB,2018-05-15,ACTIVE,"['Daniel Sharma', 'Ridhi Sule']",['4767189896'],U45201WB2011PTC100026,"['DIN-01000050', 'DIN-01000051']",ACTIVE_COMPLIANT
19CGQCY1442L1ZE,National Constructions & Engineers Pvt Ltd,"97, Borde Zila
Mangalore 732793",Murshidabad,WB,2015-03-26,ACTIVE,"['Indali Buch', 'Jeet Madan']",['4594582352'],U45201WB2012PTC100027,"['DIN-01000052', 'DIN-01000053']",ACTIVE_COMPLIANT
21DKXCK1459R1ZG,Hindustan Roadways & Infrastructure Ltd,"H.No. 20
Solanki Street, Khandwa-844421",Cuttack,OR,2020-09-10,ACTIVE,"['Yasti De', 'Abdul Bansal']",['2462528930'],U45201OR2013PTC100028,"['DIN-01000054', 'DIN-01000055']",ACTIVE_COMPLIANT
24ENECW1476W1ZJ,Pragati Builders & Developers Pvt Ltd,"29/15, Sarma Path, Mangalore 821040",Rajkot,GJ,2017-02-02,ACTIVE,"['Chandran Amble', 'Vincent Singh']",['8407342795'],U45201GJ2014PTC100029,"['DIN-01000056', 'DIN-01000057']",ACTIVE_COMPLIANT
19FRMCH1493B1ZL,Vikas Engineering Works Ltd,"992
Agate Chowk, Sri Ganganagar-478080",Howrah,WB,2015-10-06,ACTIVE,"['Victor Morar', 'Aarini Venkatesh']",['+913119596836'],U45201WB2015PTC100030,"['DIN-01000058', 'DIN-01000059']",ACTIVE_COMPLIANT
33GUUCU1510G1ZN,Ganga Infra Projects Pvt Ltd,"H.No. 46
Ray Nagar, Silchar-998540",Vellore,TN,2015-11-09,ACTIVE,"['Vaishnavi Sama', 'Dhriti Jha']",['01781150995'],U45201TN2016PTC100031,"['DIN-01000060', 'DIN-01000061']",ACTIVE_COMPLIANT
09HXBCF1527M1ZQ,Yamuna Civils & Highways Ltd,"H.No. 064
Nagy Nagar, Orai 317586",Warangal,TS,2012-12-14,ACTIVE,"['Yadavi Johal', 'Kai Biswas']",['+914831492665'],U45201TS2017PTC100032,"['DIN-01000062', 'DIN-01000063']",ACTIVE_COMPLIANT
19JAJCS1544S1ZS,Kaveri Infratech Pvt Ltd,"83/391, Dash Marg, Panvel 520855",Durgapur,WB,2011-03-14,ACTIVE,"['Anita Viswanathan', 'Finn Bains']",['2747410750'],U45201WB2018PTC100033,"['DIN-01000064', 'DIN-01000065']",ACTIVE_COMPLIANT
09KDRCD1561X1ZU,Godavari Civil Projects Ltd,"H.No. 015, Sathe Ganj
Jabalpur-517103",Suryapet,TS,2017-03-17,ACTIVE,"['Ekansh Bhardwaj', 'Anvi Sanghvi']",['6560462803'],U45201TS2019PTC100034,"['DIN-01000066', 'DIN-01000067']",ACTIVE_COMPLIANT
07LGYCQ1578C1ZW,Shivalik Constructions & Engineers Pvt Ltd,"05/896
Kalla Nagar, Muzaffarnagar 699130",East Delhi,DL,2021-07-16,ACTIVE,"['Sathvik Parsa', 'Gagan Kari']",['+916924974820'],U45201DL2020PTC100035,"['DIN-01000068', 'DIN-01000069']",ACTIVE_COMPLIANT
29MKFCB1595H1ZY,Himalaya Roadways & Infrastructure Ltd,"15/12, Nadig Circle, Mysore-779277",Hubballi,KA,2010-10-30,ACTIVE,"['Devika Korpal', 'Rachana Basu']",['+919346060221'],U45201KA2021PTC100036,"['DIN-01000070', 'DIN-01000071']",ACTIVE_COMPLIANT
37NNNCN1612N1ZA,Apex Builders & Developers Pvt Ltd,"99/998, Kala Road, Bulandshahr-441779",Anantapur,AP,2021-02-26,ACTIVE,"['Faraj Sule', 'Hardik Karpe']",['1999517059'],U45201AP2010PTC100037,"['DIN-01000072', 'DIN-01000073']",ACTIVE_COMPLIANT
10PRVCZ1629T1ZC,Prime Engineering Works Ltd,"68
Sharaf Path
Amroha-492579",Bhagalpur,BR,2020-10-03,ACTIVE,"['Qushi Bhavsar', 'Aryan Bal']",['+914489784388'],U45201BR2011PTC100038,"['DIN-01000074', 'DIN-01000075']",ACTIVE_COMPLIANT
24QUCCL1646Y1ZE,Universal Infra Projects Pvt Ltd,"H.No. 597
Pandit Road, Rourkela 715991",Vadodara,GJ,2013-08-06,ACTIVE,"['Samuel Reddy', 'Upkaar Dasgupta']",['+917405388164'],U45201GJ2012PTC100039,"['DIN-01000076', 'DIN-01000077']",ACTIVE_COMPLIANT
07RXKCX1663D1ZG,Sterling Civils & Highways Ltd,"93/775, Shanker
Burhanpur-312573",East Delhi,DL,2018-03-18,ACTIVE,"['Zaitra Sachdev', 'Rushil Sachdeva']",['5337504255'],U45201DL2013PTC100040,"['DIN-01000078', 'DIN-01000079']",ACTIVE_COMPLIANT
09SASCJ1680J1ZJ,Pioneer Infratech Pvt Ltd,"54
Savant Zila
Gandhidham 934984",Ghaziabad,UP,2012-02-24,ACTIVE,"['Vedika Thakur', 'Geetika Date']",['02785911576'],U45201UP2014PTC100041,"['DIN-01000080', 'DIN-01000081']",ACTIVE_COMPLIANT
37TDZCV1697P1ZL,United Civil Projects Ltd,"58, Subramaniam Nagar
Kolhapur-180635",Kadapa,AP,2019-11-08,ACTIVE,"['Gauri Bhakta', 'Christopher Tiwari']",['00766803627'],U45201AP2015PTC100042,"['DIN-01000082', 'DIN-01000083']",ACTIVE_COMPLIANT
27UGGCG1714U1ZN,Navnirman Constructions & Engineers Pvt Ltd,"23, Balasubramanian Circle
Tadepalligudem 820721",Nashik,MH,2019-02-08,ACTIVE,"['Keya Chauhan', 'Vritti Char']",['+916530201741'],U45201MH2016PTC100043,"['DIN-01000084', 'DIN-01000085']",ACTIVE_COMPLIANT
33VKPCT1731Z1ZQ,Sankalp Roadways & Infrastructure Ltd,"89/859
Salvi Road
Bhimavaram 543202",Madurai,TN,2014-08-10,ACTIVE,"['Idika Dhingra', 'Osha Bajaj']",['01453998311'],U45201TN2017PTC100044,"['DIN-01000086', 'DIN-01000087']",ACTIVE_COMPLIANT
21WNWCE1748E1ZS,Samrat Builders & Developers Pvt Ltd,"73/304, Shukla
Jehanabad-895581",Cuttack,OR,2010-11-19,ACTIVE,"['Nathan Lanka', 'Jhalak Lanka']",['00596976776'],U45201OR2018PTC100045,"['DIN-01000088', 'DIN-01000089']",ACTIVE_COMPLIANT
23XRDCR1765K1ZU,Rajdhani Engineering Works Ltd,"52/608
Uppal Street
Ambala 230849",Bhopal,MP,2022-08-13,ACTIVE,"['Forum Chhabra', 'Jhalak Gera']",['06207126908'],U45201MP2019PTC100046,"['DIN-01000090', 'DIN-01000091']",ACTIVE_COMPLIANT
06YULCC1782Q1ZW,Swastik Infra Projects Pvt Ltd,"H.No. 096, Sem Circle
Gwalior 831911",Gurugram,HR,2015-10-17,ACTIVE,"['Amol Chahal', 'Kai Mital']",['04637287863'],U45201HR2020PTC100047,"['DIN-01000092', 'DIN-01000093']",ACTIVE_COMPLIANT
07ZXTCP1799V1ZY,Surya Civils & Highways Ltd,"H.No. 491, Raja Chowk, Bilaspur 730502",Northeast Delhi,DL,2021-08-10,ACTIVE,"['Lila Keer', 'Hiral Kata']",['03289978620'],U45201DL2021PTC100048,"['DIN-01000094', 'DIN-01000095']",ACTIVE_COMPLIANT
06AAACA1816A1ZA,Shri Ram Infratech Pvt Ltd,"H.No. 58
Doctor Ganj, Gangtok 534373",Panipat,HR,2018-10-24,ACTIVE,"['Ansh Goyal', 'David Mall']",['+910338185248'],U45201HR2010PTC100049,"['DIN-01000096', 'DIN-01000097']",ACTIVE_COMPLIANT
08BDHCM1833F1ZC,Bharat Civil Projects Ltd,"H.No. 519
Mand Marg, Morbi 343675",Kota,RJ,2020-02-12,ACTIVE,"['Hemal Singh', 'Samuel Sem']",['+918692215214'],U45201RJ2011PTC100050,"['DIN-01000098', 'DIN-01000099']",ACTIVE_COMPLIANT
03CGQCY1850L1ZE,National Constructions & Engineers Pvt Ltd,"64/14, Bala Nagar, Srinagar 343178",Bathinda,PB,2019-11-17,ACTIVE,"['Bhavani Gandhi', 'Gayathri Gill']",['00563857266'],U45201PB2012PTC100051,"['DIN-01000100', 'DIN-01000101']",ACTIVE_COMPLIANT
33DKXCK1867R1ZG,Hindustan Roadways & Infrastructure Ltd,"H.No. 971, Mukhopadhyay Marg
Purnia 844792",Coimbatore,TN,2012-07-12,ACTIVE,"['Yagnesh Bhalla', 'Gavin Mody']",['2584052607'],U45201TN2013PTC100052,"['DIN-01000102', 'DIN-01000103']",ACTIVE_COMPLIANT
21ENECW1884W1ZJ,Pragati Builders & Developers Pvt Ltd,"77, Lanka Ganj, Jamnagar-315553",Berhampur,OR,2014-09-24,ACTIVE,"['Hemani Panchal', 'Dhriti Subramanian']",['06500137674'],U45201OR2014PTC100053,"['DIN-01000104', 'DIN-01000105']",ACTIVE_COMPLIANT
19FRMCH1901B1ZL,Vikas Engineering Works Ltd,"H.No. 29, Naidu Road
Suryapet-970105",Murshidabad,WB,2016-01-25,ACTIVE,"['Ishaan Barad', 'Aarav Bose']",['9760096864'],U45201WB2015PTC100054,"['DIN-01000106', 'DIN-01000107']",ACTIVE_COMPLIANT
33GUUCU1918G1ZN,Ganga Infra Projects Pvt Ltd,"89, Kothari Zila
Raichur-665848",Vellore,TN,2016-06-21,ACTIVE,"['Jagdish Kaur', 'Janya Mohan']",['06891668215'],U45201TN2016PTC100055,"['DIN-01000108', 'DIN-01000109']",ACTIVE_COMPLIANT
08HXBCF1935M1ZQ,Yamuna Civils & Highways Ltd,"H.No. 455
Naidu Circle, Allahabad-080869",Bikaner,RJ,2010-07-27,ACTIVE,"['Aadhya Borde', 'Warda Borra']",['+911922649878'],U45201RJ2017PTC100056,"['DIN-01000110', 'DIN-01000111']",ACTIVE_COMPLIANT
23JAJCS1952S1ZS,Kaveri Infratech Pvt Ltd,"75/697, Majumdar Street
Tezpur 072302",Rewa,MP,2017-02-07,ACTIVE,"['Falan Acharya', 'Zarna Gour']",['+912127327273'],U45201MP2018PTC100057,"['DIN-01000112', 'DIN-01000113']",ACTIVE_COMPLIANT
09KDRCD1969X1ZU,Godavari Civil Projects Ltd,"31/88, Mitra Chowk, Chennai 370556",Hyderabad,TS,2012-01-03,ACTIVE,"['Ekansh Sundaram', 'Chaitanya Patel']",['5201971994'],U45201TS2019PTC100058,"['DIN-01000114', 'DIN-01000115']",ACTIVE_COMPLIANT
06LGYCQ1986C1ZW,Shivalik Constructions & Engineers Pvt Ltd,"32, Borra Road
New Delhi-370892",Faridabad,HR,2019-08-30,CANCELLED,"['Advik Tara', 'Nathaniel Subramanian']",['6681511819'],U45201HR2020PTC100059,"['DIN-01000116', 'DIN-01000117']",ACTIVE_COMPLIANT
29MKFCB2003H1ZY,Himalaya Roadways & Infrastructure Ltd,"25/734, Bhalla Chowk
Kishanganj 842757",Davangere,KA,2018-11-17,ACTIVE,"['Aarav Balan', 'Anusha Bhatt']",['04021480045'],U45201KA2021PTC100060,"['DIN-01000118', 'DIN-01000119']",ACTIVE_COMPLIANT
19NNNCN2020N1ZA,Apex Builders & Developers Pvt Ltd,"73/48
Mandal Nagar, Parbhani 366023",Durgapur,WB,2021-12-28,ACTIVE,"['Amruta Sur', 'Michael Luthra']",['08531211102'],U45201WB2010PTC100061,"['DIN-01000120', 'DIN-01000121']",ACTIVE_COMPLIANT
24PRVCZ2037T1ZC,Prime Engineering Works Ltd,"929
Wable Circle
Anand 859564",Anand,GJ,2019-09-06,ACTIVE,"['Nimrat Seth', 'Yatan Shankar']",['+915238570243'],U45201GJ2011PTC100062,"['DIN-01000122', 'DIN-01000123']",ACTIVE_COMPLIANT
03QUCCL2054Y1ZE,Universal Infra Projects Pvt Ltd,"04/708
Parekh Chowk
Hospet 975955",Ludhiana,PB,2014-10-07,ACTIVE,"['Prisha Venkatesh', 'Alka Vohra']",['9473034054'],U45201PB2012PTC100063,"['DIN-01000124', 'DIN-01000125']",ACTIVE_COMPLIANT
29RXKCX2071D1ZG,Sterling Civils & Highways Ltd,"20
Sarin Chowk, Rewa 617104",Kalaburagi,KA,2022-07-29,ACTIVE,"['Tanvi Kala', 'Vidhi Wali']",['+914471360541'],U45201KA2013PTC100064,"['DIN-01000126', 'DIN-01000127']",ACTIVE_COMPLIANT
09SASCJ2088J1ZJ,Pioneer Infratech Pvt Ltd,"317
Kar Marg, Mehsana 242882",Khammam,TS,2015-05-05,ACTIVE,"['Ishaan Venkatesh', 'Pallavi Ramachandran']",['02841536262'],U45201TS2014PTC100065,"['DIN-01000128', 'DIN-01000129']",ACTIVE_COMPLIANT
08TDZCV2105P1ZL,United Civil Projects Ltd,"H.No. 99, Pai Chowk, Aligarh-041357",Udaipur,RJ,2014-03-27,ACTIVE,"['Robert Sampath', 'Maanas Sama']",['04723921307'],U45201RJ2015PTC100066,"['DIN-01000130', 'DIN-01000131']",ACTIVE_COMPLIANT
23UGGCG2122U1ZN,Navnirman Constructions & Engineers Pvt Ltd,"H.No. 52
Wali Street
Ghaziabad-206510",Rewa,MP,2021-10-08,ACTIVE,"['Barkha Boase', 'Jack Chaudhari']",['07690236642'],U45201MP2016PTC100067,"['DIN-01000132', 'DIN-01000133']",ACTIVE_COMPLIANT
03VKPCT2139Z1ZQ,Sankalp Roadways & Infrastructure Ltd,"H.No. 589, Chahal Ganj
Ujjain-708999",Bathinda,PB,2014-10-25,ACTIVE,"['Ekaraj Batra', 'Eesha Dugal']",['5955229839'],U45201PB2017PTC100068,"['DIN-01000134', 'DIN-01000135']",ACTIVE_COMPLIANT
24WNWCE2156E1ZS,Samrat Builders & Developers Pvt Ltd,"96
Lata Nagar
Jaunpur-160149",Surat,GJ,2010-12-29,ACTIVE,"['Indira Kant', 'Veer Narain']",['04050958196'],U45201GJ2018PTC100069,"['DIN-01000136', 'DIN-01000137']",ACTIVE_COMPLIANT
10XRDCR2173K1ZU,Rajdhani Engineering Works Ltd,"11/388
Raj Path, Bardhaman-715129",Purnia,BR,2016-02-07,ACTIVE,"['Yasti Mall', 'Garima Patel']",['5857206139'],U45201BR2019PTC100070,"['DIN-01000138', 'DIN-01000139']",ACTIVE_COMPLIANT
06YULCC2190Q1ZW,Swastik Infra Projects Pvt Ltd,"H.No. 916
Nagar Road, Bihar Sharif 052293",Karnal,HR,2020-05-05,ACTIVE,"['Naksh Ahluwalia', 'Faraj Rai']",['+912979096332'],U45201HR2020PTC100071,"['DIN-01000140', 'DIN-01000141']",ACTIVE_COMPLIANT
27ZXTCP2207V1ZY,Surya Civils & Highways Ltd,"H.No. 19, Thakur Path, Patna 588295",Aurangabad,MH,2012-06-18,ACTIVE,"['Ikshita Mishra', 'Naksh Rao']",['8944134445'],U45201MH2021PTC100072,"['DIN-01000142', 'DIN-01000143']",ACTIVE_COMPLIANT
07AAACA2224A1ZA,Shri Ram Infratech Pvt Ltd,"H.No. 53
Raghavan Nagar, Ghaziabad 174772",Northeast Delhi,DL,2016-01-07,ACTIVE,"['Yutika Palan', 'Tripti Gopal']",['+912635697655'],U45201DL2010PTC100073,"['DIN-01000144', 'DIN-01000145']",ACTIVE_COMPLIANT
24BDHCM2241F1ZC,Bharat Civil Projects Ltd,"627
Nath Chowk
Kadapa-775270",Ahmedabad,GJ,2011-09-09,ACTIVE,"['Vritti Mittal', 'Saksham Subramanian']",['7194544584'],U45201GJ2011PTC100074,"['DIN-01000146', 'DIN-01000147']",ACTIVE_COMPLIANT
09CGQCY2258L1ZE,National Constructions & Engineers Pvt Ltd,"H.No. 98, Sunder Ganj
Mau 492011",Ghaziabad,UP,2018-12-03,ACTIVE,"['Sarthak Doshi', 'Maya Dayal']",['05591140754'],U45201UP2012PTC100075,"['DIN-01000148', 'DIN-01000149']",ACTIVE_COMPLIANT
08DKXCK2275R1ZG,Hindustan Roadways & Infrastructure Ltd,"H.No. 10, Parmer Chowk
Jamnagar 756257",Jodhpur,RJ,2016-03-08,ACTIVE,"['Kevin Ram', 'Indira Bahri']",['07153986396'],U45201RJ2013PTC100076,"['DIN-01000150', 'DIN-01000151']",ACTIVE_COMPLIANT
10ENECW2292W1ZJ,Pragati Builders & Developers Pvt Ltd,"H.No. 185
Dhingra Road, Barasat-110823",Darbhanga,BR,2014-04-17,ACTIVE,"['Yamini Shan', 'Jonathan De']",['+919681653304'],U45201BR2014PTC100077,"['DIN-01000152', 'DIN-01000153']",ACTIVE_COMPLIANT
08FRMCH2309B1ZL,Vikas Engineering Works Ltd,"40/540
Walia, Kalyan-Dombivli 082591",Udaipur,RJ,2012-12-13,ACTIVE,"['Jack Issac', 'Madhavi Nanda']",['2948153499'],U45201RJ2015PTC100078,"['DIN-01000154', 'DIN-01000155']",ACTIVE_COMPLIANT
10GUUCU2326G1ZN,Ganga Infra Projects Pvt Ltd,"55/558
Sinha, Naihati 861530",Samastipur,BR,2017-05-03,ACTIVE,"['David Ben', 'Nitara Ramakrishnan']",['4426213074'],U45201BR2016PTC100079,"['DIN-01000156', 'DIN-01000157']",ACTIVE_COMPLIANT
09HXBCF2343M1ZQ,Yamuna Civils & Highways Ltd,"47/749, Dhar, Miryalaguda-693460",Khammam,TS,2018-09-15,CANCELLED,"['Yasti Acharya', 'Chaaya Krishnamurthy']",['+913299266233'],U45201TS2017PTC100080,"['DIN-01000158', 'DIN-01000159']",ACTIVE_COMPLIANT
37JAJCS2360S1ZS,Kaveri Infratech Pvt Ltd,"H.No. 83
Maharaj Marg
Saharanpur 237588",Anantapur,AP,2022-03-22,ACTIVE,"['Oni Virk', 'Janani Narasimhan']",['8845664129'],U45201AP2018PTC100081,"['DIN-01000160', 'DIN-01000161']",ACTIVE_COMPLIANT
29KDRCD2377X1ZU,Godavari Civil Projects Ltd,"H.No. 221, Bandi Road
Durg 175160",Bengaluru,KA,2015-09-07,ACTIVE,"['Yachana Khosla', 'Oviya Bhardwaj']",['01973336115'],U45201KA2019PTC100082,"['DIN-01000162', 'DIN-01000163']",ACTIVE_COMPLIANT
10LGYCQ2394C1ZW,Shivalik Constructions & Engineers Pvt Ltd,"481, Nigam Nagar, Sikar-168942",Darbhanga,BR,2012-02-02,ACTIVE,"['Isaiah Suresh', 'Luke Tank']",['2948466023'],U45201BR2020PTC100083,"['DIN-01000164', 'DIN-01000165']",ACTIVE_COMPLIANT
37MKFCB2411H1ZY,Himalaya Roadways & Infrastructure Ltd,"43/885, Dhingra Zila
Chapra 252543",Tirupati,AP,2020-10-27,ACTIVE,"['Jai Agarwal', 'Vedant Golla']",['+914732544399'],U45201AP2021PTC100084,"['DIN-01000166', 'DIN-01000167']",ACTIVE_COMPLIANT
03NNNCN2428N1ZA,Apex Builders & Developers Pvt Ltd,"038, Sheth Chowk, Delhi-153490",Jalandhar,PB,2018-03-09,ACTIVE,"['Januja Kaul', 'Ucchal Kibe']",['+916216592621'],U45201PB2010PTC100085,"['DIN-01000168', 'DIN-01000169']",ACTIVE_COMPLIANT
10PRVCZ2445T1ZC,Prime Engineering Works Ltd,"90
Pal Road
Dhule 545516",Patna,BR,2019-02-07,ACTIVE,"['Benjamin Wadhwa', 'Ishaan Chatterjee']",['00954918003'],U45201BR2011PTC100086,"['DIN-01000170', 'DIN-01000171']",ACTIVE_COMPLIANT
03QUCCL2462Y1ZE,Universal Infra Projects Pvt Ltd,"24/667
Parikh Ganj, Jamshedpur 241957",Bathinda,PB,2011-04-07,ACTIVE,"['Unnati Ravi', 'Omaja Gour']",['+918863858242'],U45201PB2012PTC100087,"['DIN-01000172', 'DIN-01000173']",ACTIVE_COMPLIANT
03RXKCX2479D1ZG,Sterling Civils & Highways Ltd,"H.No. 968
Gour Zila
Thane 192331",Bathinda,PB,2014-01-22,ACTIVE,"['Niharika Mohan', 'Rajeshri Chaudhry']",['9111500504'],U45201PB2013PTC100088,"['DIN-01000174', 'DIN-01000175']",ACTIVE_COMPLIANT
10SASCJ2496J1ZJ,Pioneer Infratech Pvt Ltd,"640
De Street, Kolhapur-604433",Darbhanga,BR,2019-12-24,ACTIVE,"['Sudiksha Parmer', 'Abeer Golla']",['+919308079852'],U45201BR2014PTC100089,"['DIN-01000176', 'DIN-01000177']",ACTIVE_COMPLIANT
03TDZCV2513P1ZL,United Civil Projects Ltd,"079, Parsa Zila
Kochi-348332",Ludhiana,PB,2020-10-25,ACTIVE,"['Jacob Saxena', 'Warhi Radhakrishnan']",['+914782473542'],U45201PB2015PTC100090,"['DIN-01000178', 'DIN-01000179']",ACTIVE_COMPLIANT
19UGGCG2530U1ZN,Navnirman Constructions & Engineers Pvt Ltd,"34/103
Toor Road, Allahabad-388532",Murshidabad,WB,2015-08-28,ACTIVE,"['Peter Tiwari', 'Michael Krishnan']",['3503980479'],U45201WB2016PTC100091,"['DIN-01000180', 'DIN-01000181']",ACTIVE_COMPLIANT
07VKPCT2547Z1ZQ,Sankalp Roadways & Infrastructure Ltd,"H.No. 099, Nayak Zila
Mangalore 737244",East Delhi,DL,2020-06-17,ACTIVE,"['Zilmil Rout', 'Leela Handa']",['2179228053'],U45201DL2017PTC100092,"['DIN-01000182', 'DIN-01000183']",ACTIVE_COMPLIANT
27WNWCE2564E1ZS,Samrat Builders & Developers Pvt Ltd,"77/334
Edwin, Bhilwara 357430",Nashik,MH,2020-12-09,ACTIVE,"['Zaid Baria', 'Krishna Grewal']",['+912649040114'],U45201MH2018PTC100093,"['DIN-01000184', 'DIN-01000185']",ACTIVE_COMPLIANT
03XRDCR2581K1ZU,Rajdhani Engineering Works Ltd,"99/72
Sani Ganj, Nagpur-795779",Ludhiana,PB,2015-01-14,SUSPENDED,"['Adweta Bora', 'Gauri Bir']",['06595477142'],U45201PB2019PTC100094,"['DIN-01000186', 'DIN-01000187']",ACTIVE_COMPLIANT
27YULCC2598Q1ZW,Swastik Infra Projects Pvt Ltd,"22/954, Wadhwa Street, Bardhaman 901849",Pune,MH,2021-09-03,ACTIVE,"['Mugdha Ranganathan', 'Ishita Nagar']",['8753478408'],U45201MH2020PTC100095,"['DIN-01000188', 'DIN-01000189']",ACTIVE_COMPLIANT
37ZXTCP2615V1ZY,Surya Civils & Highways Ltd,"H.No. 812, Nath Road
Dhanbad 482576",Kadapa,AP,2013-09-30,ACTIVE,"['Hemangini Patil', 'Lakshmi Master']",['+918629678454'],U45201AP2021PTC100096,"['DIN-01000190', 'DIN-01000191']",ACTIVE_COMPLIANT
10AAACA2632A1ZA,Shri Ram Infratech Pvt Ltd,"283, Mahajan, Ichalkaranji-550777",Darbhanga,BR,2013-02-11,ACTIVE,"['Vasudha Loke', 'Thomas Dey']",['2869745604'],U45201BR2010PTC100097,"['DIN-01000192', 'DIN-01000193']",ACTIVE_COMPLIANT
09BDHCM2649F1ZC,Bharat Civil Projects Ltd,"81/99
Lad Road
Bhusawal 578330",Ramagundam,TS,2018-11-14,ACTIVE,"['Chanchal Mukhopadhyay', 'Bina Nagi']",['3394467382'],U45201TS2011PTC100098,"['DIN-01000194', 'DIN-01000195']",ACTIVE_COMPLIANT
37CGQCY2666L1ZE,National Constructions & Engineers Pvt Ltd,"218, Verma Road, Mysore-196079",Vijayawada,AP,2018-04-11,ACTIVE,"['Abhimanyu Bala', 'Yatin Sharaf']",['1024242412'],U45201AP2012PTC100099,"['DIN-01000196', 'DIN-01000197']",ACTIVE_COMPLIANT
19DKXCK2683R1ZG,Hindustan Roadways & Infrastructure Ltd,"H.No. 909
Muni Street, Howrah-463874",Bardhaman,WB,2011-10-26,ACTIVE,"['Wishi Cherian', 'Hitesh Menon']",['9084236154'],U45201WB2013PTC100100,"['DIN-01000198', 'DIN-01000199']",ACTIVE_COMPLIANT
03ENECW2700W1ZJ,Pragati Builders & Developers Pvt Ltd,"75, Reddy
Amroha-862794",Patiala,PB,2020-10-28,ACTIVE,"['Gopal Bala', 'Barkha Narain']",['+918004970544'],U45201PB2014PTC100101,"['DIN-01000200', 'DIN-01000201']",ACTIVE_COMPLIANT
07FRMCH2717B1ZL,Vikas Engineering Works Ltd,"H.No. 272
Basak Nagar
Imphal-850406",Northeast Delhi,DL,2012-08-06,ACTIVE,"['Kashvi Gole', 'Tamanna Sharaf']",['+919914096474'],U45201DL2015PTC100102,"['DIN-01000202', 'DIN-01000203']",ACTIVE_COMPLIANT
23GUUCU2734G1ZN,Ganga Infra Projects Pvt Ltd,"H.No. 869, Parikh Street
Hazaribagh-443830",Sagar,MP,2020-06-17,ACTIVE,"['Indali Gour', 'Naksh Deep']",['05556858338'],U45201MP2016PTC100103,"['DIN-01000204', 'DIN-01000205']",ACTIVE_COMPLIANT
09HXBCF2751M1ZQ,Yamuna Civils & Highways Ltd,"70/64, Viswanathan Path
Munger-127082",Varanasi,UP,2010-02-04,ACTIVE,"['Nakul Bal', 'Hemang Swaminathan']",['2843900501'],U45201UP2017PTC100104,"['DIN-01000206', 'DIN-01000207']",ACTIVE_COMPLIANT
03JAJCS2768S1ZS,Kaveri Infratech Pvt Ltd,"78/166
Singh Road, Silchar-641801",Ludhiana,PB,2020-05-10,ACTIVE,"['Gagan Ghose', 'Aarush Sehgal']",['05949934152'],U45201PB2018PTC100105,"['DIN-01000208', 'DIN-01000209']",ACTIVE_COMPLIANT
09KDRCD2785X1ZU,Godavari Civil Projects Ltd,"30/383, Varghese Circle
Chandigarh-043886",Kanpur,UP,2020-03-24,ACTIVE,"['Rajata Dube', 'Devansh Lata']",['7574257237'],U45201UP2019PTC100106,"['DIN-01000210', 'DIN-01000211']",ACTIVE_COMPLIANT
27LGYCQ2802C1ZW,Shivalik Constructions & Engineers Pvt Ltd,"63/936, Sangha Street, Sirsa-360661",Solapur,MH,2020-02-22,ACTIVE,"['Sai Pau', 'Sathvik Mani']",['3961463887'],U45201MH2020PTC100107,"['DIN-01000212', 'DIN-01000213']",ACTIVE_COMPLIANT
24MKFCB2819H1ZY,Himalaya Roadways & Infrastructure Ltd,"H.No. 00, Pandit Chowk, Berhampore 570676",Ahmedabad,GJ,2018-08-23,ACTIVE,"['Yuvraj Parekh', 'Yagnesh Soni']",['+919591652729'],U45201GJ2021PTC100108,"['DIN-01000214', 'DIN-01000215']",ACTIVE_COMPLIANT
09NNNCN2836N1ZA,Apex Builders & Developers Pvt Ltd,"61/955
Nagi Street
Siwan-988919",Lucknow,UP,2016-02-17,ACTIVE,"['Dominic Date', 'Dakshesh Taneja']",['+919892995058'],U45201UP2010PTC100109,"['DIN-01000216', 'DIN-01000217']",ACTIVE_COMPLIANT
19PRVCZ2853T1ZC,Prime Engineering Works Ltd,"76/93
Vala Circle
Gulbarga 278929",Bardhaman,WB,2019-03-02,ACTIVE,"['Maanav Tailor', 'Nitara Baria']",['+915708080831'],U45201WB2011PTC100110,"['DIN-01000218', 'DIN-01000219']",ACTIVE_COMPLIANT
06QUCCL2870Y1ZE,Universal Infra Projects Pvt Ltd,"82/01
Radhakrishnan Circle
Hapur-338100",Faridabad,HR,2013-08-08,ACTIVE,"['Meera Gade', 'Chakradhar Basu']",['8881563292'],U45201HR2012PTC100111,"['DIN-01000220', 'DIN-01000221']",ACTIVE_COMPLIANT
03RXKCX2887D1ZG,Sterling Civils & Highways Ltd,"05/084
Seth Road
Belgaum-846591",Moga,PB,2020-02-24,ACTIVE,"['Vyanjana Basu', 'Luke Maharaj']",['5656732259'],U45201PB2013PTC100112,"['DIN-01000222', 'DIN-01000223']",ACTIVE_COMPLIANT
07SASCJ2904J1ZJ,Pioneer Infratech Pvt Ltd,"94/33, Sampath Circle, Satna-103833",Central Delhi,DL,2017-03-22,ACTIVE,"['Abhiram Nadkarni', 'Oviya Goel']",['07825134880'],U45201DL2014PTC100113,"['DIN-01000224', 'DIN-01000225']",ACTIVE_COMPLIANT
09TDZCV2921P1ZL,United Civil Projects Ltd,"H.No. 153, Shroff
Dhanbad 647136",Meerut,UP,2015-12-19,ACTIVE,"['Champak Krish', 'Oliver Arya']",['+911272738153'],U45201UP2015PTC100114,"['DIN-01000226', 'DIN-01000227']",ACTIVE_COMPLIANT
06UGGCG2938U1ZN,Navnirman Constructions & Engineers Pvt Ltd,"H.No. 189, Mody Path, Sagar 952778",Panipat,HR,2016-07-28,ACTIVE,"['Darika Mahajan', 'Kai Johal']",['+914852625197'],U45201HR2016PTC100115,"['DIN-01000228', 'DIN-01000229']",ACTIVE_COMPLIANT
19VKPCT2955Z1ZQ,Sankalp Roadways & Infrastructure Ltd,"29, Sachar Street, Dhanbad-160376",Siliguri,WB,2017-05-23,ACTIVE,"['Peter Dewan', 'Indrajit Kale']",['+916986730093'],U45201WB2017PTC100116,"['DIN-01000230', 'DIN-01000231']",ACTIVE_COMPLIANT
06WNWCE2972E1ZS,Samrat Builders & Developers Pvt Ltd,"03
Raj Zila
Serampore-092142",Rohtak,HR,2010-06-26,ACTIVE,"['Balendra Basu', 'Xiti Rattan']",['5880969897'],U45201HR2018PTC100117,"['DIN-01000232', 'DIN-01000233']",ACTIVE_COMPLIANT
07XRDCR2989K1ZU,Rajdhani Engineering Works Ltd,"90/961, Chadha Marg, Begusarai-091490",West Delhi,DL,2011-10-26,ACTIVE,"['Omkaar Patla', 'Ikbal Khurana']",['3998490189'],U45201DL2019PTC100118,"['DIN-01000234', 'DIN-01000235']",ACTIVE_COMPLIANT
21YULCC3006Q1ZW,Swastik Infra Projects Pvt Ltd,"20, Joshi Zila, Bhiwani 920785",Rourkela,OR,2013-03-11,ACTIVE,"['Hema Saran', 'Vrishti Karpe']",['+919520086667'],U45201OR2020PTC100119,"['DIN-01000236', 'DIN-01000237']",ACTIVE_COMPLIANT
10ZXTCP3023V1ZY,Surya Civils & Highways Ltd,"24/84, Raju Street
Amaravati-396445",Gaya,BR,2011-06-28,ACTIVE,"['Oliver Luthra', 'Harita Kata']",['+914701728399'],U45201BR2021PTC100120,"['DIN-01000238', 'DIN-01000239']",ACTIVE_COMPLIANT
09AAACA3040A1ZA,Shri Ram Infratech Pvt Ltd,"H.No. 87
Yogi Path
Moradabad 768796",Karimnagar,TS,2015-09-18,ACTIVE,"['Advik Chandran', 'Umang Chaudhary']",['+911718910319'],U45201TS2010PTC100121,"['DIN-01000240', 'DIN-01000241']",ACTIVE_COMPLIANT
07BDHCM3057F1ZC,Bharat Civil Projects Ltd,"28, Sur Ganj
Bangalore 473262",Northeast Delhi,DL,2018-09-08,ACTIVE,"['Meera Swamy', 'Gaurang Pillai']",['4153602961'],U45201DL2011PTC100122,"['DIN-01000242', 'DIN-01000243']",ACTIVE_COMPLIANT
06CGQCY3074L1ZE,National Constructions & Engineers Pvt Ltd,"H.No. 74, Bir Zila, Gaya-454963",Yamunanagar,HR,2018-07-04,ACTIVE,"['Hiral Kaur', 'Aadhya Kota']",['03866681567'],U45201HR2012PTC100123,"['DIN-01000244', 'DIN-01000245']",ACTIVE_COMPLIANT
23DKXCK3091R1ZG,Hindustan Roadways & Infrastructure Ltd,"28
Khare Circle
Bihar Sharif-641841",Indore,MP,2016-02-15,ACTIVE,"['Damyanti Nori', 'Laban Solanki']",['0604528820'],U45201MP2013PTC100124,"['DIN-01000246', 'DIN-01000247']",ACTIVE_COMPLIANT
37ENECW3108W1ZJ,Pragati Builders & Developers Pvt Ltd,"082
Karan Path
Kochi 810841",Anantapur,AP,2021-02-11,ACTIVE,"['Ekantika Verma', 'Laban Apte']",['+918799784835'],U45201AP2014PTC100125,"['DIN-01000248', 'DIN-01000249']",ACTIVE_COMPLIANT
23FRMCH3125B1ZL,Vikas Engineering Works Ltd,"H.No. 064
Natt Street, Khammam-905967",Bhopal,MP,2017-05-07,ACTIVE,"['Qushi De', 'Gayathri Rattan']",['7495859310'],U45201MP2015PTC100126,"['DIN-01000250', 'DIN-01000251']",ACTIVE_COMPLIANT
09GUUCU3142G1ZN,Ganga Infra Projects Pvt Ltd,"95, Garg Marg
Fatehpur 375644",Lucknow,UP,2011-01-11,ACTIVE,"['Bhavini Majumdar', 'Zayan Reddy']",['7520702348'],U45201UP2016PTC100127,"['DIN-01000252', 'DIN-01000253']",ACTIVE_COMPLIANT
07HXBCF3159M1ZQ,Yamuna Civils & Highways Ltd,"563, Nayar Road
Khandwa 622380",Central Delhi,DL,2019-12-11,ACTIVE,"['Victor Ratti', 'Gaurika Kadakia']",['2291842973'],U45201DL2017PTC100128,"['DIN-01000254', 'DIN-01000255']",ACTIVE_COMPLIANT
07JAJCS3176S1ZS,Kaveri Infratech Pvt Ltd,"H.No. 911, Setty Nagar, Tadepalligudem-141266",Central Delhi,DL,2017-06-20,ACTIVE,"['Manthan Ghose', 'Vasatika Kalla']",['01812847700'],U45201DL2018PTC100129,"['DIN-01000256', 'DIN-01000257']",ACTIVE_COMPLIANT
37KDRCD3193X1ZU,Godavari Civil Projects Ltd,"H.No. 887, Sampath
Thoothukudi-029312",Kadapa,AP,2018-04-02,ACTIVE,"['Nandini Devi', 'Rajata Reddy']",['+914336788160'],U45201AP2019PTC100130,"['DIN-01000258', 'DIN-01000259']",ACTIVE_COMPLIANT
03LGYCQ3210C1ZW,Shivalik Constructions & Engineers Pvt Ltd,"41, Prashad Circle
North Dumdum 355601",Amritsar,PB,2017-05-07,ACTIVE,"['Bishakha Guha', 'Harish Tiwari']",['+916931414830'],U45201PB2020PTC100131,"['DIN-01000260', 'DIN-01000261']",ACTIVE_COMPLIANT
08MKFCB3227H1ZY,Himalaya Roadways & Infrastructure Ltd,"64, Ahuja Street, Mumbai-501811",Jaipur,RJ,2017-03-12,ACTIVE,"['Omya Biswas', 'Robert Butala']",['+914427210748'],U45201RJ2021PTC100132,"['DIN-01000262', 'DIN-01000263']",ACTIVE_COMPLIANT
08NNNCN3244N1ZA,Apex Builders & Developers Pvt Ltd,"09/968
Raja Street
Bijapur 644321",Ajmer,RJ,2011-03-06,ACTIVE,"['Nisha Mander', 'Anay Manne']",['06619850405'],U45201RJ2010PTC100133,"['DIN-01000264', 'DIN-01000265']",ACTIVE_COMPLIANT
33PRVCZ3261T1ZC,Prime Engineering Works Ltd,"H.No. 01
Gupta Street
Hospet 708309",Tirunelveli,TN,2017-04-08,CANCELLED,"['Bachittar Swamy', 'Sachi Walla']",['9968896180'],U45201TN2011PTC100134,"['DIN-01000266', 'DIN-01000267']",ACTIVE_COMPLIANT
03QUCCL3278Y1ZE,Universal Infra Projects Pvt Ltd,"87
Bhasin Ganj
Bikaner-021276",Ludhiana,PB,2020-05-01,ACTIVE,"['Tanvi Iyer', 'Zayyan Mishra']",['+912055464523'],U45201PB2012PTC100135,"['DIN-01000268', 'DIN-01000269']",ACTIVE_COMPLIANT
33RXKCX3295D1ZG,Sterling Civils & Highways Ltd,"76/962
Ghosh Chowk
Pimpri-Chinchwad-086741",Chennai,TN,2013-12-13,ACTIVE,"['Maya Baral', 'Vedika Nazareth']",['00598223544'],U45201TN2013PTC100136,"['DIN-01000270', 'DIN-01000271']",ACTIVE_COMPLIANT
21SASCJ3312J1ZJ,Pioneer Infratech Pvt Ltd,"H.No. 854
Venkataraman Marg
Korba 500816",Cuttack,OR,2017-11-01,ACTIVE,"['Jagdish Goswami', 'Hemal Lad']",['7832506568'],U45201OR2014PTC100137,"['DIN-01000272', 'DIN-01000273']",ACTIVE_COMPLIANT
24TDZCV3329P1ZL,United Civil Projects Ltd,"969, Chadha Zila
Etawah 907629",Rajkot,GJ,2010-05-27,ACTIVE,"['Hiral Sem', 'Tristan Chowdhury']",['1469702983'],U45201GJ2015PTC100138,"['DIN-01000274', 'DIN-01000275']",ACTIVE_COMPLIANT
24UGGCG3346U1ZN,Navnirman Constructions & Engineers Pvt Ltd,"78/471, Char Chowk, Chapra-350527",Gandhinagar,GJ,2014-07-08,ACTIVE,"['Sarthak Sodhi', 'Dominic Kala']",['08558085425'],U45201GJ2016PTC100139,"['DIN-01000276', 'DIN-01000277']",ACTIVE_COMPLIANT
08VKPCT3363Z1ZQ,Sankalp Roadways & Infrastructure Ltd,"H.No. 291, Ben Marg
Bidhannagar-181838",Jodhpur,RJ,2015-09-05,ACTIVE,"['Tara Gokhale', 'Ishita Gill']",['07197373682'],U45201RJ2017PTC100140,"['DIN-01000278', 'DIN-01000279']",ACTIVE_COMPLIANT
03WNWCE3380E1ZS,Samrat Builders & Developers Pvt Ltd,"74/029, Sehgal Nagar
Mangalore 877359",Mohali,PB,2022-10-10,ACTIVE,"['Maya Gole', 'Patrick Yogi']",['01525687053'],U45201PB2018PTC100141,"['DIN-01000280', 'DIN-01000281']",ACTIVE_COMPLIANT
23XRDCR3397K1ZU,Rajdhani Engineering Works Ltd,"H.No. 432
Sanghvi Nagar
Eluru 477225",Indore,MP,2012-10-15,ACTIVE,"['Jyoti Narula', 'Sathvik Mital']",['2830447289'],U45201MP2019PTC100142,"['DIN-01000282', 'DIN-01000283']",ACTIVE_COMPLIANT
10YULCC3414Q1ZW,Swastik Infra Projects Pvt Ltd,"921, Chhabra
Danapur 123528",Patna,BR,2013-08-05,ACTIVE,"['Jason Agrawal', 'Kavya Mishra']",['+919054494048'],U45201BR2020PTC100143,"['DIN-01000284', 'DIN-01000285']",ACTIVE_COMPLIANT
06ZXTCP3431V1ZY,Surya Civils & Highways Ltd,"H.No. 849
Mohan Path
Hindupur-098908",Ambala,HR,2015-04-24,ACTIVE,"['Yatin Bhargava', 'Maanav Bains']",['04335536652'],U45201HR2021PTC100144,"['DIN-01000286', 'DIN-01000287']",ACTIVE_COMPLIANT
24AAACA3448A1ZA,Shri Ram Infratech Pvt Ltd,"84/90, Singh Circle, Moradabad-237166",Rajkot,GJ,2022-11-26,ACTIVE,"['Vinaya Pandit', 'Logan Gokhale']",['3142398408'],U45201GJ2010PTC100145,"['DIN-01000288', 'DIN-01000289']",ACTIVE_COMPLIANT
06BDHCM3465F1ZC,Bharat Civil Projects Ltd,"86/96, Gade Road, Madhyamgram 998349",Faridabad,HR,2021-02-03,ACTIVE,"['Ijaya Bajaj', 'Madhav Vig']",['+913746032932'],U45201HR2011PTC100146,"['DIN-01000290', 'DIN-01000291']",ACTIVE_COMPLIANT
09CGQCY3482L1ZE,National Constructions & Engineers Pvt Ltd,"H.No. 407, Virk Marg
Bidhannagar 409067",Suryapet,TS,2010-06-14,ACTIVE,"['Jeevika Baria', 'Ekta Baria']",['2199648153'],U45201TS2012PTC100147,"['DIN-01000292', 'DIN-01000293']",ACTIVE_COMPLIANT
09DKXCK3499R1ZG,Hindustan Roadways & Infrastructure Ltd,"55, Bava Chowk, Udupi 669362",Allahabad,UP,2013-01-15,ACTIVE,"['Nisha Nair', 'Varenya Pillay']",['03352951897'],U45201UP2013PTC100148,"['DIN-01000294', 'DIN-01000295']",ACTIVE_COMPLIANT
09ENECW3516W1ZJ,Pragati Builders & Developers Pvt Ltd,"93
Oommen Path
Amravati-830665",Varanasi,UP,2020-09-05,ACTIVE,"['Krishna Dasgupta', 'Ansh Divan']",['0920442935'],U45201UP2014PTC100149,"['DIN-01000296', 'DIN-01000297']",ACTIVE_COMPLIANT
07FRMCH3533B1ZL,Vikas Engineering Works Ltd,"20, Dubey, Jamnagar-297809",New Delhi,DL,2010-10-04,ACTIVE,"['Harita Borde', 'Mitesh Keer']",['0341758358'],U45201DL2015PTC100150,"['DIN-01000298', 'DIN-01000299']",ACTIVE_COMPLIANT
09GUUCU3550G1ZN,Ganga Infra Projects Pvt Ltd,"528
Das Path, Bhatpara-720229",Agra,UP,2021-02-13,ACTIVE,"['Devansh Comar', 'Anmol Wagle']",['07920904587'],U45201UP2016PTC100151,"['DIN-01000300', 'DIN-01000301']",ACTIVE_COMPLIANT
23HXBCF3567M1ZQ,Yamuna Civils & Highways Ltd,"66, Narasimhan Street, Jamshedpur-622766",Bhopal,MP,2013-08-28,ACTIVE,"['Xiti Sami', 'Wishi Shanker']",['4165380826'],U45201MP2017PTC100152,"['DIN-01000302', 'DIN-01000303']",ACTIVE_COMPLIANT
21JAJCS3584S1ZS,Kaveri Infratech Pvt Ltd,"H.No. 521, Taneja Street
Ozhukarai 256572",Sambalpur,OR,2021-12-05,ACTIVE,"['Yug Date', 'Kavya Pandit']",['01048058713'],U45201OR2018PTC100153,"['DIN-01000304', 'DIN-01000305']",ACTIVE_COMPLIANT
29KDRCD3601X1ZU,Godavari Civil Projects Ltd,"H.No. 87, Sridhar Path
Jabalpur-965464",Hubballi,KA,2013-10-25,ACTIVE,"['Balveer Ahuja', 'Jyoti Chakraborty']",['00636082609'],U45201KA2019PTC100154,"['DIN-01000306', 'DIN-01000307']",ACTIVE_COMPLIANT
21LGYCQ3618C1ZW,Shivalik Constructions & Engineers Pvt Ltd,"22, Doshi Nagar
Durgapur 468978",Balasore,OR,2015-08-24,ACTIVE,"['Ijaya Natt', 'Advay Sheth']",['8030290745'],U45201OR2020PTC100155,"['DIN-01000308', 'DIN-01000309']",ACTIVE_COMPLIANT
24MKFCB3635H1ZY,Himalaya Roadways & Infrastructure Ltd,"H.No. 14
Chandra Ganj, Satna-237029",Vadodara,GJ,2018-08-09,ACTIVE,"['Lohit Sastry', 'Viraj Zacharia']",['+918165579447'],U45201GJ2021PTC100156,"['DIN-01000310', 'DIN-01000311']",ACTIVE_COMPLIANT
29NNNCN3652N1ZA,Apex Builders & Developers Pvt Ltd,"H.No. 421
Sarma Zila
Dharmavaram 499691",Belagavi,KA,2011-08-23,ACTIVE,"['Meghana Nori', 'Yochana Bahl']",['05420298472'],U45201KA2010PTC100157,"['DIN-01000312', 'DIN-01000313']",ACTIVE_COMPLIANT
07PRVCZ3669T1ZC,Prime Engineering Works Ltd,"81/12, Nori Circle
Gopalpur 228996",New Delhi,DL,2017-03-29,SUSPENDED,"['Patrick Tella', 'Deepa Singhal']",['+916331644325'],U45201DL2011PTC100158,"['DIN-01000314', 'DIN-01000315']",ACTIVE_COMPLIANT
07QUCCL3686Y1ZE,Universal Infra Projects Pvt Ltd,"71/74
Dugar Ganj
Tiruppur 205063",North Delhi,DL,2016-07-25,ACTIVE,"['Kala Ravi', 'Edhitha Deol']",['+914731651161'],U45201DL2012PTC100159,"['DIN-01000316', 'DIN-01000317']",ACTIVE_COMPLIANT
24RXKCX3703D1ZG,Sterling Civils & Highways Ltd,"98, Edwin Nagar, Lucknow-412111",Vadodara,GJ,2020-03-10,ACTIVE,"['Mitali Vohra', 'Qasim Wable']",['+918717173567'],U45201GJ2013PTC100160,"['DIN-01000318', 'DIN-01000319']",ACTIVE_COMPLIANT
09SASCJ3720J1ZJ,Pioneer Infratech Pvt Ltd,"82/06
Swamy Street, Agartala 193036",Meerut,UP,2022-12-12,ACTIVE,"['Yutika Yogi', 'Yashvi Borra']",['+919780029866'],U45201UP2014PTC100161,"['DIN-01000320', 'DIN-01000321']",ACTIVE_COMPLIANT
07TDZCV3737P1ZL,United Civil Projects Ltd,"613, Mahal Ganj
Gopalpur-884736",West Delhi,DL,2018-08-20,ACTIVE,"['Atharv Virk', 'Suhani Kalita']",['3143273838'],U45201DL2015PTC100162,"['DIN-01000322', 'DIN-01000323']",ACTIVE_COMPLIANT
23UGGCG3754U1ZN,Navnirman Constructions & Engineers Pvt Ltd,"45/390
Bhat Road
Hospet-540697",Jabalpur,MP,2015-04-27,ACTIVE,"['Shivani Madan', 'Yatin Wali']",['7754383738'],U45201MP2016PTC100163,"['DIN-01000324', 'DIN-01000325']",ACTIVE_COMPLIANT
03VKPCT3771Z1ZQ,Sankalp Roadways & Infrastructure Ltd,"25/174, Nazareth Chowk
Sangli-Miraj & Kupwad-995884",Mohali,PB,2015-04-14,ACTIVE,"['Bhanumati Ganesan', 'Charan Chakrabarti']",['05629049859'],U45201PB2017PTC100164,"['DIN-01000326', 'DIN-01000327']",ACTIVE_COMPLIANT
07WNWCE3788E1ZS,Samrat Builders & Developers Pvt Ltd,"H.No. 73, Khosla Street
Jalna 338256",West Delhi,DL,2015-06-08,ACTIVE,"['Nisha Reddy', 'Neha Rana']",['+912971067937'],U45201DL2018PTC100165,"['DIN-01000328', 'DIN-01000329']",ACTIVE_COMPLIANT
33XRDCR3805K1ZU,Rajdhani Engineering Works Ltd,"H.No. 106, Dewan Path
Vasai-Virar-711379",Vellore,TN,2020-07-31,ACTIVE,"['Vaishnavi Golla', 'Upadhriti Singh']",['+914476594423'],U45201TN2019PTC100166,"['DIN-01000330', 'DIN-01000331']",ACTIVE_COMPLIANT
07YULCC3822Q1ZW,Swastik Infra Projects Pvt Ltd,"48/373, Bal Road
Sirsa 829468",New Delhi,DL,2014-03-05,ACTIVE,"['Yoshita Warrior', 'Vamakshi Borra']",['+913874642825'],U45201DL2020PTC100167,"['DIN-01000332', 'DIN-01000333']",ACTIVE_COMPLIANT
21ZXTCP3839V1ZY,Surya Civils & Highways Ltd,"95, Master Ganj
Gopalpur-535505",Balasore,OR,2012-03-03,ACTIVE,"['Finn Setty', 'Lakshmi Karan']",['01774166209'],U45201OR2021PTC100168,"['DIN-01000334', 'DIN-01000335']",ACTIVE_COMPLIANT
03AAACA3856A1ZA,Shri Ram Infratech Pvt Ltd,"75
Kapoor Path
Rohtak-524792",Ludhiana,PB,2014-05-06,ACTIVE,"['Lakshmi Chhabra', 'Lakshit Borah']",['09280334070'],U45201PB2010PTC100169,"['DIN-01000336', 'DIN-01000337']",ACTIVE_COMPLIANT
37BDHCM3873F1ZC,Bharat Civil Projects Ltd,"414
Walia Circle
Jalgaon 506741",Nellore,AP,2010-04-18,ACTIVE,"['Tanish Oommen', 'Tanvi Purohit']",['+916965329956'],U45201AP2011PTC100170,"['DIN-01000338', 'DIN-01000339']",ACTIVE_COMPLIANT
33CGQCY3890L1ZE,National Constructions & Engineers Pvt Ltd,"64
Nadkarni Nagar, Loni-622955",Salem,TN,2011-05-19,ACTIVE,"['Vedhika Iyer', 'Megha Hegde']",['5009169749'],U45201TN2012PTC100171,"['DIN-01000340', 'DIN-01000341']",ACTIVE_COMPLIANT
10DKXCK3907R1ZG,Hindustan Roadways & Infrastructure Ltd,"H.No. 835, Kari Street
Sangli-Miraj & Kupwad-149532",Darbhanga,BR,2011-03-04,ACTIVE,"['Triveni Vasa', 'Dhriti Raj']",['06764056127'],U45201BR2013PTC100172,"['DIN-01000342', 'DIN-01000343']",ACTIVE_COMPLIANT
24ENECW3924W1ZJ,Pragati Builders & Developers Pvt Ltd,"H.No. 778
Sekhon Circle, Rohtak-110114",Rajkot,GJ,2020-01-11,ACTIVE,"['Rajeshri Bedi', 'Diya Wadhwa']",['01148764847'],U45201GJ2014PTC100173,"['DIN-01000344', 'DIN-01000345']",ACTIVE_COMPLIANT
06FRMCH3941B1ZL,Vikas Engineering Works Ltd,"491
Choudhry Circle, Secunderabad 932374",Rohtak,HR,2019-05-23,ACTIVE,"['Upma Subramanian', 'Daksh Kurian']",['+914109237478'],U45201HR2015PTC100174,"['DIN-01000346', 'DIN-01000347']",ACTIVE_COMPLIANT
29GUUCU3958G1ZN,Ganga Infra Projects Pvt Ltd,"92/93, Rama Road, Bhind-422458",Mysuru,KA,2019-01-21,ACTIVE,"['Dayamai Kibe', 'Harrison Mandal']",['1604582246'],U45201KA2016PTC100175,"['DIN-01000348', 'DIN-01000349']",ACTIVE_COMPLIANT
27HXBCF3975M1ZQ,Yamuna Civils & Highways Ltd,"55/103, Varma Nagar
Bardhaman 570652",Pune,MH,2016-01-02,ACTIVE,"['William Padmanabhan', 'Tanveer Gupta']",['05857222548'],U45201MH2017PTC100176,"['DIN-01000350', 'DIN-01000351']",ACTIVE_COMPLIANT
10JAJCS3992S1ZS,Kaveri Infratech Pvt Ltd,"64/87
Patil Ganj
Serampore 973480",Muzaffarpur,BR,2019-04-27,ACTIVE,"['Saksham Loke', 'Priya Tailor']",['02870257530'],U45201BR2018PTC100177,"['DIN-01000352', 'DIN-01000353']",ACTIVE_COMPLIANT
03KDRCD4009X1ZU,Godavari Civil Projects Ltd,"841
Patla Circle
Kavali 474517",Moga,PB,2012-02-05,ACTIVE,"['Amrita Samra', 'Nidra Thaker']",['7486986793'],U45201PB2019PTC100178,"['DIN-01000354', 'DIN-01000355']",ACTIVE_COMPLIANT
29LGYCQ4026C1ZW,Shivalik Constructions & Engineers Pvt Ltd,"34/76, Manda Street, Kumbakonam-560984",Hubballi,KA,2021-09-15,ACTIVE,"['William Bhagat', 'Vanya Sunder']",['03453892130'],U45201KA2020PTC100179,"['DIN-01000356', 'DIN-01000357']",ACTIVE_COMPLIANT
23MKFCB4043H1ZY,Himalaya Roadways & Infrastructure Ltd,"792
Sarma Ganj
Aurangabad 587074",Bhopal,MP,2016-07-06,ACTIVE,"['Bhanumati Banik', 'Qushi Magar']",['2331391827'],U45201MP2021PTC100180,"['DIN-01000358', 'DIN-01000359']",ACTIVE_COMPLIANT
08NNNCN4060N1ZA,Apex Builders & Developers Pvt Ltd,"H.No. 09
Dara Road, Jodhpur 491664",Kota,RJ,2022-03-11,ACTIVE,"['Saksham Shere', 'Aayush Basu']",['6686952484'],U45201RJ2010PTC100181,"['DIN-01000360', 'DIN-01000361']",ACTIVE_COMPLIANT
23PRVCZ4077T1ZC,Prime Engineering Works Ltd,"38
Prakash Path
Loni-762906",Satna,MP,2011-12-25,ACTIVE,"['Garima Kunda', 'Anya Talwar']",['0493526296'],U45201MP2011PTC100182,"['DIN-01000362', 'DIN-01000363']",ACTIVE_COMPLIANT
27QUCCL4094Y1ZE,Universal Infra Projects Pvt Ltd,"H.No. 69, Sarma Ganj, Raebareli-047872",Aurangabad,MH,2016-06-18,ACTIVE,"['Prisha Sekhon', 'Idika Narang']",['03064719737'],U45201MH2012PTC100183,"['DIN-01000364', 'DIN-01000365']",ACTIVE_COMPLIANT
09RXKCX4111D1ZG,Sterling Civils & Highways Ltd,"84/041
Jhaveri Road, Vijayawada 846282",Lucknow,UP,2019-01-19,ACTIVE,"['Naksh Thakur', 'Advaith Vaidya']",['03529082833'],U45201UP2013PTC100184,"['DIN-01000366', 'DIN-01000367']",ACTIVE_COMPLIANT
06SASCJ4128J1ZJ,Pioneer Infratech Pvt Ltd,"71/852
Badami Path, Srinagar 280464",Rohtak,HR,2016-06-10,ACTIVE,"['Daksha Issac', 'Luke Issac']",['+915941885270'],U45201HR2014PTC100185,"['DIN-01000368', 'DIN-01000369']",ACTIVE_COMPLIANT
06TDZCV4145P1ZL,United Civil Projects Ltd,"38/06
Venkatesh Zila, Gaya-043357",Hisar,HR,2015-10-19,ACTIVE,"['Qabil Magar', 'Christopher Chahal']",['03763287699'],U45201HR2015PTC100186,"['DIN-01000370', 'DIN-01000371']",ACTIVE_COMPLIANT
29UGGCG4162U1ZN,Navnirman Constructions & Engineers Pvt Ltd,"H.No. 556, Anne
Belgaum-594701",Mangaluru,KA,2012-02-29,ACTIVE,"['Deepa Dua', 'Keya Radhakrishnan']",['1445200112'],U45201KA2016PTC100187,"['DIN-01000372', 'DIN-01000373']",ACTIVE_COMPLIANT
07VKPCT4179Z1ZQ,Sankalp Roadways & Infrastructure Ltd,"H.No. 12
Dada Zila
Saharsa-511140",New Delhi,DL,2014-12-14,ACTIVE,"['Samarth Lanka', 'Urvi Sagar']",['5757704179'],U45201DL2017PTC100188,"['DIN-01000374', 'DIN-01000375']",ACTIVE_COMPLIANT
23WNWCE4196E1ZS,Samrat Builders & Developers Pvt Ltd,"68, Ganguly Road
Nashik 965266",Gwalior,MP,2013-02-07,ACTIVE,"['Gautami Pillai', 'Aishani Puri']",['05997385388'],U45201MP2018PTC100189,"['DIN-01000376', 'DIN-01000377']",ACTIVE_COMPLIANT
33XRDCR4213K1ZU,Rajdhani Engineering Works Ltd,"93, Gala Chowk
Indore 535751",Coimbatore,TN,2013-12-02,ACTIVE,"['Jagat Prakash', 'Brijesh Korpal']",['+911189636986'],U45201TN2019PTC100190,"['DIN-01000378', 'DIN-01000379']",ACTIVE_COMPLIANT
37YULCC4230Q1ZW,Swastik Infra Projects Pvt Ltd,"193, Venkatesh Marg, Gandhinagar-176845",Kurnool,AP,2018-11-20,ACTIVE,"['Ekansh Dugar', 'Zilmil Bhalla']",['+912331090296'],U45201AP2020PTC100191,"['DIN-01000380', 'DIN-01000381']",ACTIVE_COMPLIANT
19ZXTCP4247V1ZY,Surya Civils & Highways Ltd,"H.No. 183, Borah Marg, Imphal-198748",Durgapur,WB,2018-03-11,ACTIVE,"['Fitan Saran', 'Arunima Kannan']",['+915960467583'],U45201WB2021PTC100192,"['DIN-01000382', 'DIN-01000383']",ACTIVE_COMPLIANT
09AAACA4264A1ZA,Shri Ram Infratech Pvt Ltd,"H.No. 77
Pingle Nagar
Bilaspur-273949",Mahbubnagar,TS,2017-11-22,ACTIVE,"['Madhav Nadkarni', 'Anthony Raman']",['1684729196'],U45201TS2010PTC100193,"['DIN-01000384', 'DIN-01000385']",ACTIVE_COMPLIANT
24BDHCM4281F1ZC,Bharat Civil Projects Ltd,"H.No. 01
Bava Ganj
Coimbatore-328092",Gandhinagar,GJ,2014-09-14,ACTIVE,"['Ira Agate', 'Aadhya Chawla']",['6711115854'],U45201GJ2011PTC100194,"['DIN-01000386', 'DIN-01000387']",ACTIVE_COMPLIANT
03CGQCY4298L1ZE,National Constructions & Engineers Pvt Ltd,"H.No. 33, Lall Marg, Phusro-449807",Patiala,PB,2022-06-22,ACTIVE,"['Aradhana Bhakta', 'Warda Jayaraman']",['04653233063'],U45201PB2012PTC100195,"['DIN-01000388', 'DIN-01000389']",ACTIVE_COMPLIANT
06DKXCK4315R1ZG,Hindustan Roadways & Infrastructure Ltd,"H.No. 35, Ganguly Chowk
Erode-583944",Hisar,HR,2011-02-21,ACTIVE,"['Unni Bhattacharyya', 'Lekha More']",['06910501676'],U45201HR2013PTC100196,"['DIN-01000390', 'DIN-01000391']",ACTIVE_COMPLIANT
24ENECW4332W1ZJ,Pragati Builders & Developers Pvt Ltd,"H.No. 93
Sarna Path, Barasat 730137",Bhavnagar,GJ,2014-06-15,ACTIVE,"['Naveen Dua', 'Turvi Oza']",['+918921084212'],U45201GJ2014PTC100197,"['DIN-01000392', 'DIN-01000393']",ACTIVE_COMPLIANT
03FRMCH4349B1ZL,Vikas Engineering Works Ltd,"762, Varkey Nagar, Bikaner-327788",Jalandhar,PB,2011-07-15,ACTIVE,"['Madhavi Sarin', 'Radhika Shetty']",['+913589621362'],U45201PB2015PTC100198,"['DIN-01000394', 'DIN-01000395']",ACTIVE_COMPLIANT
09GUUCU4366G1ZN,Ganga Infra Projects Pvt Ltd,"62
Dhillon Ganj
Nagpur 359763",Agra,UP,2014-05-28,INACTIVE,"['Vasatika Mand', 'Veda Sagar']",['+919061194383'],U45201UP2016PTC100199,"['DIN-01000396', 'DIN-01000397']",ACTIVE_COMPLIANT
33HXBCF4383M1ZQ,Yamuna Civils & Highways Ltd,"58/592
Chandra Nagar, New Delhi 120935",Tirunelveli,TN,2022-07-03,ACTIVE,"['Keya Tailor', 'Waida Ravi']",['4907790123'],U45201TN2017PTC100200,"['DIN-01000398', 'DIN-01000399']",ACTIVE_COMPLIANT
33JAJCS4400S1ZS,Kaveri Infratech Pvt Ltd,"80, Handa Path, North Dumdum-169361",Madurai,TN,2014-10-05,ACTIVE,"['Chanchal Madan', 'Alexander Deol']",['06730631452'],U45201TN2018PTC100201,"['DIN-01000400', 'DIN-01000401']",ACTIVE_COMPLIANT
07KDRCD4417X1ZU,Godavari Civil Projects Ltd,"59
Golla Path
Buxar 548597",East Delhi,DL,2021-10-23,ACTIVE,"['Wriddhish Nagi', 'Nathan Bajwa']",['0719596759'],U45201DL2019PTC100202,"['DIN-01000402', 'DIN-01000403']",ACTIVE_COMPLIANT
21LGYCQ4434C1ZW,Shivalik Constructions & Engineers Pvt Ltd,"H.No. 316
Sharaf Nagar, Panvel-967797",Cuttack,OR,2016-06-08,ACTIVE,"['Ansh Rout', 'Ayaan Bora']",['0512312884'],U45201OR2020PTC100203,"['DIN-01000404', 'DIN-01000405']",ACTIVE_COMPLIANT
29MKFCB4451H1ZY,Himalaya Roadways & Infrastructure Ltd,"46
Bali Street
Hazaribagh-750414",Tumakuru,KA,2019-02-04,ACTIVE,"['Ranveer Aggarwal', 'Kiaan Johal']",['+915446300220'],U45201KA2021PTC100204,"['DIN-01000406', 'DIN-01000407']",ACTIVE_COMPLIANT
07NNNCN4468N1ZA,Apex Builders & Developers Pvt Ltd,"H.No. 948
Randhawa Marg
Silchar 974366",East Delhi,DL,2015-12-12,ACTIVE,"['Ekanta Wali', 'Omya Dey']",['+918797686620'],U45201DL2010PTC100205,"['DIN-01000408', 'DIN-01000409']",ACTIVE_COMPLIANT
08PRVCZ4485T1ZC,Prime Engineering Works Ltd,"15/079
Chokshi Marg
Jodhpur-447033",Kota,RJ,2013-06-16,ACTIVE,"['Hiral Bahri', 'Arunima Vasa']",['08546831308'],U45201RJ2011PTC100206,"['DIN-01000410', 'DIN-01000411']",ACTIVE_COMPLIANT
29QUCCL4502Y1ZE,Universal Infra Projects Pvt Ltd,"10, Mandal Nagar, Hapur-732356",Bengaluru,KA,2019-12-07,ACTIVE,"['Omisha Keer', 'Dayamai Gera']",['+919675071735'],U45201KA2012PTC100207,"['DIN-01000412', 'DIN-01000413']",ACTIVE_COMPLIANT
08RXKCX4519D1ZG,Sterling Civils & Highways Ltd,"H.No. 53
Bhavsar Path, Ajmer-416681",Kota,RJ,2022-08-06,ACTIVE,"['Yutika Venkataraman', 'Viraj Basu']",['+919440534648'],U45201RJ2013PTC100208,"['DIN-01000414', 'DIN-01000415']",ACTIVE_COMPLIANT
29SASCJ4536J1ZJ,Pioneer Infratech Pvt Ltd,"09
Bhasin Street, Gwalior 651627",Bengaluru,KA,2013-06-04,ACTIVE,"['Baghyawati Sood', 'Damini Dey']",['+914774716670'],U45201KA2014PTC100209,"['DIN-01000416', 'DIN-01000417']",ACTIVE_COMPLIANT
07TDZCV4553P1ZL,United Civil Projects Ltd,"80/952, Mand Path, Muzaffarnagar 454590",Northwest Delhi,DL,2020-02-14,ACTIVE,"['Zansi Mukherjee', 'Sai Karpe']",['08612957225'],U45201DL2015PTC100210,"['DIN-01000418', 'DIN-01000419']",ACTIVE_COMPLIANT
27UGGCG4570U1ZN,Navnirman Constructions & Engineers Pvt Ltd,"H.No. 856
Gokhale, Jehanabad-187965",Aurangabad,MH,2013-05-24,ACTIVE,"['Vaishnavi Basak', 'Abdul Sachdev']",['02774100129'],U45201MH2016PTC100211,"['DIN-01000420', 'DIN-01000421']",ACTIVE_COMPLIANT
24VKPCT4587Z1ZQ,Sankalp Roadways & Infrastructure Ltd,"51/056, Keer Street
Akola-423742",Ahmedabad,GJ,2019-04-27,ACTIVE,"['Faraj Srinivasan', 'Aayush Shukla']",['06510025051'],U45201GJ2017PTC100212,"['DIN-01000422', 'DIN-01000423']",ACTIVE_COMPLIANT
09WNWCE4604E1ZS,Samrat Builders & Developers Pvt Ltd,"H.No. 83, Nayak Marg, Morbi-310936",Bareilly,UP,2020-04-03,ACTIVE,"['Kiaan Jaggi', 'Harrison Badal']",['0731435700'],U45201UP2018PTC100213,"['DIN-01000424', 'DIN-01000425']",ACTIVE_COMPLIANT
29XRDCR4621K1ZU,Rajdhani Engineering Works Ltd,"506, Sachdeva Marg, Bhavnagar-769589",Tumakuru,KA,2015-11-04,ACTIVE,"['Sachi Ganesh', 'Jack Devan']",['7807656038'],U45201KA2019PTC100214,"['DIN-01000426', 'DIN-01000427']",ACTIVE_COMPLIANT
19YULCC4638Q1ZW,Swastik Infra Projects Pvt Ltd,"01/16, Peri Chowk
Muzaffarnagar-903487",Howrah,WB,2019-07-31,ACTIVE,"['Rajata Palla', 'Bhavya Pathak']",['+916120733917'],U45201WB2020PTC100215,"['DIN-01000428', 'DIN-01000429']",ACTIVE_COMPLIANT
37ZXTCP4655V1ZY,Surya Civils & Highways Ltd,"86/76
Chandran Road, Agra-566443",Vijayawada,AP,2013-07-16,ACTIVE,"['Ekaraj Madan', 'Utkarsh Natt']",['2269225451'],U45201AP2021PTC100216,"['DIN-01000430', 'DIN-01000431']",ACTIVE_COMPLIANT
33AAACA4672A1ZA,Shri Ram Infratech Pvt Ltd,"58, Loke Marg
Nadiad-591294",Tiruchirappalli,TN,2011-01-12,ACTIVE,"['Hemani Nair', 'Ekta Atwal']",['02671542672'],U45201TN2010PTC100217,"['DIN-01000432', 'DIN-01000433']",ACTIVE_COMPLIANT
33BDHCM4689F1ZC,Bharat Civil Projects Ltd,"H.No. 46, Nagar Ganj
Muzaffarpur 109741",Erode,TN,2011-04-03,SUSPENDED,"['Tejas Solanki', 'Harita Chaudhari']",['+918454419813'],U45201TN2011PTC100218,"['DIN-01000434', 'DIN-01000435']",ACTIVE_COMPLIANT
08CGQCY4706L1ZE,National Constructions & Engineers Pvt Ltd,"85/712, Parekh Zila
Ratlam-080200",Kota,RJ,2015-10-24,ACTIVE,"['Ishita Dar', 'Tanish Suresh']",['9976231964'],U45201RJ2012PTC100219,"['DIN-01000436', 'DIN-01000437']",ACTIVE_COMPLIANT
27DKXCK4723R1ZG,Hindustan Roadways & Infrastructure Ltd,"H.No. 053, Bhattacharyya Zila, Guwahati 924847",Pune,MH,2021-09-24,ACTIVE,"['Bhavini Amble', 'Krish Narang']",['+917413007418'],U45201MH2013PTC100220,"['DIN-01000438', 'DIN-01000439']",ACTIVE_COMPLIANT
09ENECW4740W1ZJ,Pragati Builders & Developers Pvt Ltd,"H.No. 38
Bath Circle, Indore-681814",Warangal,TS,2011-08-29,ACTIVE,"['Banjeet Mutti', 'Kiaan Salvi']",['+916362690286'],U45201TS2014PTC100221,"['DIN-01000440', 'DIN-01000441']",ACTIVE_COMPLIANT
06FRMCH4757B1ZL,Vikas Engineering Works Ltd,"H.No. 900, Balakrishnan Marg, Gudivada-594188",Karnal,HR,2015-12-04,ACTIVE,"['Prisha Karpe', 'Ekapad Kamdar']",['+910285454108'],U45201HR2015PTC100222,"['DIN-01000442', 'DIN-01000443']",ACTIVE_COMPLIANT
07GUUCU4774G1ZN,Ganga Infra Projects Pvt Ltd,"541
Manda Ganj
Bahraich 863991",Northeast Delhi,DL,2019-02-25,ACTIVE,"['Wahab Chaudhary', 'Ekanta Batta']",['05463396377'],U45201DL2016PTC100223,"['DIN-01000444', 'DIN-01000445']",ACTIVE_COMPLIANT
06HXBCF4791M1ZQ,Yamuna Civils & Highways Ltd,"29/707
Bhatia Zila, Thane 312163",Ambala,HR,2012-08-18,ACTIVE,"['Rachita Mahajan', 'Yamini Pant']",['3788609184'],U45201HR2017PTC100224,"['DIN-01000446', 'DIN-01000447']",ACTIVE_COMPLIANT
06JAJCS4808S1ZS,Kaveri Infratech Pvt Ltd,"317, Mukhopadhyay Zila
Ichalkaranji-585201",Yamunanagar,HR,2019-05-19,SUSPENDED,"['Meera Kakar', 'Daniel Shroff']",['+911141653482'],U45201HR2018PTC100225,"['DIN-01000448', 'DIN-01000449']",ACTIVE_COMPLIANT
03KDRCD4825X1ZU,Godavari Civil Projects Ltd,"627, Srinivasan, Gandhinagar 008674",Mohali,PB,2013-12-23,ACTIVE,"['Dalbir Narasimhan', 'Chakradhar Dhar']",['+915928110403'],U45201PB2019PTC100226,"['DIN-01000450', 'DIN-01000451']",ACTIVE_COMPLIANT
37LGYCQ4842C1ZW,Shivalik Constructions & Engineers Pvt Ltd,"H.No. 804, Bhardwaj Marg
Mumbai-681254",Tirupati,AP,2020-07-05,ACTIVE,"['Gautam Rastogi', 'Jeevika Gill']",['07446670244'],U45201AP2020PTC100227,"['DIN-01000452', 'DIN-01000453']",ACTIVE_COMPLIANT
33MKFCB4859H1ZY,Himalaya Roadways & Infrastructure Ltd,"15, Dash Zila, Kanpur 589168",Coimbatore,TN,2017-07-12,ACTIVE,"['Yashasvi Vohra', 'Suhani Zachariah']",['1468409230'],U45201TN2021PTC100228,"['DIN-01000454', 'DIN-01000455']",ACTIVE_COMPLIANT
21NNNCN4876N1ZA,Apex Builders & Developers Pvt Ltd,"35/156, Kala Road
Jodhpur-135394",Berhampur,OR,2017-02-09,ACTIVE,"['Indira Goda', 'Ayushman Bali']",['+918792679405'],U45201OR2010PTC100229,"['DIN-01000456', 'DIN-01000457']",ACTIVE_COMPLIANT
23PRVCZ4893T1ZC,Prime Engineering Works Ltd,"25
Iyengar Street
Jamalpur-184281",Rewa,MP,2012-04-19,ACTIVE,"['Lila Batta', 'Champak Dewan']",['+915246559236'],U45201MP2011PTC100230,"['DIN-01000458', 'DIN-01000459']",ACTIVE_COMPLIANT
07QUCCL4910Y1ZE,Universal Infra Projects Pvt Ltd,"77/87
Krishna Zila
Hosur-796487",West Delhi,DL,2016-01-08,ACTIVE,"['David Shukla', 'Ayush Nori']",['02358512918'],U45201DL2012PTC100231,"['DIN-01000460', 'DIN-01000461']",ACTIVE_COMPLIANT
23RXKCX4927D1ZG,Sterling Civils & Highways Ltd,"032, Chaudhari Ganj
Sasaram 631521",Satna,MP,2021-02-18,ACTIVE,"['Hredhaan Bajaj', 'Tarak Tiwari']",['5178101848'],U45201MP2013PTC100232,"['DIN-01000462', 'DIN-01000463']",ACTIVE_COMPLIANT
03SASCJ4944J1ZJ,Pioneer Infratech Pvt Ltd,"75/72, Korpal Nagar, Ulhasnagar-277668",Moga,PB,2010-04-03,ACTIVE,"['Pahal Handa', 'Januja Chad']",['+917265460409'],U45201PB2014PTC100233,"['DIN-01000464', 'DIN-01000465']",ACTIVE_COMPLIANT
06TDZCV4961P1ZL,United Civil Projects Ltd,"72/910
Dara Road
Srikakulam 058278",Faridabad,HR,2019-11-10,ACTIVE,"['Chaman Talwar', 'Jai Dass']",['9708086586'],U45201HR2015PTC100234,"['DIN-01000466', 'DIN-01000467']",ACTIVE_COMPLIANT
33UGGCG4978U1ZN,Navnirman Constructions & Engineers Pvt Ltd,"82/586, Das Chowk, South Dumdum-335847",Chennai,TN,2016-05-28,ACTIVE,"['Gopal Chander', 'Yatan Ganesan']",['07827102023'],U45201TN2016PTC100235,"['DIN-01000468', 'DIN-01000469']",ACTIVE_COMPLIANT
08VKPCT4995Z1ZQ,Sankalp Roadways & Infrastructure Ltd,"59/824, Char
Dhanbad 125805",Bikaner,RJ,2019-05-09,ACTIVE,"['Yochana Dhar', 'Edhitha Halder']",['+919372620410'],U45201RJ2017PTC100236,"['DIN-01000470', 'DIN-01000471']",ACTIVE_COMPLIANT
27WNWCE5012E1ZS,Samrat Builders & Developers Pvt Ltd,"17/447
Agarwal Street, Moradabad-704693",Thane,MH,2018-08-15,ACTIVE,"['Upkaar Khurana', 'Chameli Narula']",['02649616024'],U45201MH2018PTC100237,"['DIN-01000472', 'DIN-01000473']",ACTIVE_COMPLIANT
27XRDCR5029K1ZU,Rajdhani Engineering Works Ltd,"36/924
Soman Chowk
Tezpur 197017",Nashik,MH,2015-08-14,ACTIVE,"['Rohan Krish', 'Harini Handa']",['+912745073855'],U45201MH2019PTC100238,"['DIN-01000474', 'DIN-01000475']",ACTIVE_COMPLIANT
33YULCC5046Q1ZW,Swastik Infra Projects Pvt Ltd,"75/71, Ratti Ganj, Amritsar-444399",Tiruchirappalli,TN,2014-01-05,ACTIVE,"['Zayyan Krishnamurthy', 'Sarthak Chhabra']",['04190554820'],U45201TN2020PTC100239,"['DIN-01000476', 'DIN-01000477']",ACTIVE_COMPLIANT
09ZXTCP5063V1ZY,Surya Civils & Highways Ltd,"12
Lata
Visakhapatnam 324047",Allahabad,UP,2018-02-25,ACTIVE,"['Oscar Dalal', 'Nitesh Dewan']",['+915316851392'],U45201UP2021PTC100240,"['DIN-01000478', 'DIN-01000479']",ACTIVE_COMPLIANT
21AAACA5080A1ZA,Shri Ram Infratech Pvt Ltd,"H.No. 53, Majumdar, Gulbarga-754304",Balasore,OR,2011-10-28,ACTIVE,"['Avni Venkataraman', 'Urishilla Sen']",['04755268439'],U45201OR2010PTC100241,"['DIN-01000480', 'DIN-01000481']",ACTIVE_COMPLIANT
37BDHCM5097F1ZC,Bharat Civil Projects Ltd,"007
Wable Path
Mathura-581276",Visakhapatnam,AP,2017-08-04,ACTIVE,"['Qabil Patla', 'Yachana Ramanathan']",['5277677342'],U45201AP2011PTC100242,"['DIN-01000482', 'DIN-01000483']",ACTIVE_COMPLIANT
19CGQCY5114L1ZE,National Constructions & Engineers Pvt Ltd,"H.No. 09
Bhavsar Street
Udupi 879680",Howrah,WB,2011-03-26,ACTIVE,"['Tanish Kar', 'Ryan Karnik']",['7441267531'],U45201WB2012PTC100243,"['DIN-01000484', 'DIN-01000485']",ACTIVE_COMPLIANT
10DKXCK5131R1ZG,Hindustan Roadways & Infrastructure Ltd,"04, Dhar Road
Tezpur-445591",Purnia,BR,2018-06-12,ACTIVE,"['Tejas Kalita', 'Isaac Ratti']",['+910381197830'],U45201BR2013PTC100244,"['DIN-01000486', 'DIN-01000487']",ACTIVE_COMPLIANT
24ENECW5148W1ZJ,Pragati Builders & Developers Pvt Ltd,"68/66, Mann Marg, Ratlam-662975",Rajkot,GJ,2018-03-04,ACTIVE,"['Dalaja Chaudhari', 'Tara Kannan']",['+919477393991'],U45201GJ2014PTC100245,"['DIN-01000488', 'DIN-01000489']",ACTIVE_COMPLIANT
24FRMCH5165B1ZL,Vikas Engineering Works Ltd,"H.No. 363, Mittal Marg, Silchar-495195",Anand,GJ,2011-02-05,ACTIVE,"['Tarak Prashad', 'Hemangini Mani']",['+917509556516'],U45201GJ2015PTC100246,"['DIN-01000490', 'DIN-01000491']",ACTIVE_COMPLIANT
03GUUCU5182G1ZN,Ganga Infra Projects Pvt Ltd,"78/11, Naidu Ganj
Karnal 988955",Pathankot,PB,2019-11-05,ACTIVE,"['Avni Kumar', 'Dhruv Purohit']",['00037773888'],U45201PB2016PTC100247,"['DIN-01000492', 'DIN-01000493']",ACTIVE_COMPLIANT
21HXBCF5199M1ZQ,Yamuna Civils & Highways Ltd,"H.No. 666, Dhaliwal Marg
Panihati 115114",Balasore,OR,2015-05-28,ACTIVE,"['Eiravati Dugar', 'Shivansh Dube']",['+910620318649'],U45201OR2017PTC100248,"['DIN-01000494', 'DIN-01000495']",ACTIVE_COMPLIANT
19JAJCS5216S1ZS,Kaveri Infratech Pvt Ltd,"99/355
Chaudhry Nagar
Loni-575307",Kolkata,WB,2020-03-24,ACTIVE,"['Neelima Bassi', 'Naksh Modi']",['+913732745001'],U45201WB2018PTC100249,"['DIN-01000496', 'DIN-01000497']",ACTIVE_COMPLIANT
08KDRCD5233X1ZU,Godavari Civil Projects Ltd,"83/43, Kulkarni Circle
Nizamabad 074384",Udaipur,RJ,2010-07-17,ACTIVE,"['Dalaja Dubey', 'Chandran Contractor']",['+916079048964'],U45201RJ2019PTC100250,"['DIN-01000498', 'DIN-01000499']",ACTIVE_COMPLIANT
23LGYCQ5250C1ZW,Shivalik Constructions & Engineers Pvt Ltd,"H.No. 40, Ranganathan Nagar, Bhind 979736",Jabalpur,MP,2012-05-01,ACTIVE,"['Matthew Shere', 'Azaan Vasa']",['+913823951271'],U45201MP2020PTC100251,"['DIN-01000500', 'DIN-01000501']",ACTIVE_COMPLIANT
37MKFCB5267H1ZY,Himalaya Roadways & Infrastructure Ltd,"H.No. 785, Bedi Street
Kulti 297940",Kadapa,AP,2016-06-02,ACTIVE,"['Ganga Aggarwal', 'Devansh Kaur']",['+917522401253'],U45201AP2021PTC100252,"['DIN-01000502', 'DIN-01000503']",ACTIVE_COMPLIANT
37NNNCN5284N1ZA,Apex Builders & Developers Pvt Ltd,"890
Chanda Marg
Bidhannagar 938206",Anantapur,AP,2012-06-12,ACTIVE,"['Ijaya Palla', 'Janani Tara']",['2551852046'],U45201AP2010PTC100253,"['DIN-01000504', 'DIN-01000505']",ACTIVE_COMPLIANT
29PRVCZ5301T1ZC,Prime Engineering Works Ltd,"09/329, Chander Nagar
Pali 306430",Mysuru,KA,2014-04-15,ACTIVE,"['Dakshesh Sinha', 'Rachit Grewal']",['3691769415'],U45201KA2011PTC100254,"['DIN-01000506', 'DIN-01000507']",ACTIVE_COMPLIANT
09QUCCL5318Y1ZE,Universal Infra Projects Pvt Ltd,"739
Chandra Chowk, Muzaffarpur-391052",Karimnagar,TS,2018-08-02,ACTIVE,"['Jairaj Bora', 'Kiaan Nazareth']",['9084114345'],U45201TS2012PTC100255,"['DIN-01000508', 'DIN-01000509']",ACTIVE_COMPLIANT
09RXKCX5335D1ZG,Sterling Civils & Highways Ltd,"H.No. 712
Rana Circle, Berhampore 150147",Suryapet,TS,2011-11-18,ACTIVE,"['Ati Krishna', 'Azaan Tella']",['00424543399'],U45201TS2013PTC100256,"['DIN-01000510', 'DIN-01000511']",ACTIVE_COMPLIANT
09SASCJ5352J1ZJ,Pioneer Infratech Pvt Ltd,"98
Pai Nagar
Machilipatnam-191364",Mahbubnagar,TS,2018-10-23,ACTIVE,"['Baghyawati Gara', 'Rudra Kadakia']",['+910442558121'],U45201TS2014PTC100257,"['DIN-01000512', 'DIN-01000513']",ACTIVE_COMPLIANT
37TDZCV5369P1ZL,United Civil Projects Ltd,"61/879, Saran Ganj, Mango-418621",Kadapa,AP,2011-05-06,ACTIVE,"['Anamika Vala', 'Ekansh Dalal']",['+913381624778'],U45201AP2015PTC100258,"['DIN-01000514', 'DIN-01000515']",ACTIVE_COMPLIANT
03UGGCG5386U1ZN,Navnirman Constructions & Engineers Pvt Ltd,"H.No. 571, Bhalla Street, Rewa-601019",Amritsar,PB,2012-04-11,ACTIVE,"['Avni Bhattacharyya', 'Dalaja Devi']",['07736915520'],U45201PB2016PTC100259,"['DIN-01000516', 'DIN-01000517']",ACTIVE_COMPLIANT
03VKPCT5403Z1ZQ,Sankalp Roadways & Infrastructure Ltd,"043, Shanker Circle
Kharagpur-713747",Moga,PB,2017-08-21,ACTIVE,"['Vansha Badami', 'Chanchal Tara']",['4744154641'],U45201PB2017PTC100260,"['DIN-01000518', 'DIN-01000519']",ACTIVE_COMPLIANT
03WNWCE5420E1ZS,Samrat Builders & Developers Pvt Ltd,"24, Yadav Road
Dibrugarh 812458",Mohali,PB,2020-04-24,ACTIVE,"['Ria Ratta', 'Azad Munshi']",['08222506246'],U45201PB2018PTC100261,"['DIN-01000520', 'DIN-01000521']",ACTIVE_COMPLIANT
33XRDCR5437K1ZU,Rajdhani Engineering Works Ltd,"59/16
Deshpande Path, Dewas 977269",Erode,TN,2012-03-20,ACTIVE,"['Pallavi Tailor', 'Qushi Virk']",['9980209888'],U45201TN2019PTC100262,"['DIN-01000522', 'DIN-01000523']",ACTIVE_COMPLIANT
33YULCC5454Q1ZW,Swastik Infra Projects Pvt Ltd,"H.No. 16, Sarin Chowk, Agra-223873",Coimbatore,TN,2013-11-25,ACTIVE,"['Veer Thaker', 'Yashawini Basak']",['+911195466868'],U45201TN2020PTC100263,"['DIN-01000524', 'DIN-01000525']",ACTIVE_COMPLIANT
19ZXTCP5471V1ZY,Surya Civils & Highways Ltd,"59/28, Chandran Nagar
Sikar-510425",Durgapur,WB,2022-01-09,ACTIVE,"['Gagan Lall', 'Bhavini Bhasin']",['04908155156'],U45201WB2021PTC100264,"['DIN-01000526', 'DIN-01000527']",ACTIVE_COMPLIANT
08AAACA5488A1ZA,Shri Ram Infratech Pvt Ltd,"82
Balay Zila
Gopalpur 868686",Jodhpur,RJ,2022-11-12,ACTIVE,"['Devansh Bains', 'Hema Shere']",['+918875885501'],U45201RJ2010PTC100265,"['DIN-01000528', 'DIN-01000529']",ACTIVE_COMPLIANT
09BDHCM5505F1ZC,Bharat Civil Projects Ltd,"66/795, Doctor Ganj, Ambattur-248632",Suryapet,TS,2017-07-21,INACTIVE,"['Brijesh Dalal', 'Bhanumati Brahmbhatt']",['09648911636'],U45201TS2011PTC100266,"['DIN-01000530', 'DIN-01000531']",ACTIVE_COMPLIANT
23CGQCY5522L1ZE,National Constructions & Engineers Pvt Ltd,"34/96
Keer
Anantapuram-090332",Gwalior,MP,2015-10-24,ACTIVE,"['Nidra Tella', 'Shaurya Warrior']",['02676700801'],U45201MP2012PTC100267,"['DIN-01000532', 'DIN-01000533']",ACTIVE_COMPLIANT
07DKXCK5539R1ZG,Hindustan Roadways & Infrastructure Ltd,"22
Sangha Street
Pondicherry-663778",North Delhi,DL,2014-07-05,ACTIVE,"['Amrita Deshmukh', 'Dipta Venkataraman']",['8575297438'],U45201DL2013PTC100268,"['DIN-01000534', 'DIN-01000535']",ACTIVE_COMPLIANT
37ENECW5556W1ZJ,Pragati Builders & Developers Pvt Ltd,"81/021, Dhillon Chowk
Udupi 313830",Visakhapatnam,AP,2017-12-17,ACTIVE,"['Neelima Chatterjee', 'Chavvi Mutti']",['+911601990186'],U45201AP2014PTC100269,"['DIN-01000536', 'DIN-01000537']",ACTIVE_COMPLIANT
33FRMCH5573B1ZL,Vikas Engineering Works Ltd,"42/189, Grover Street
Kharagpur 685544",Madurai,TN,2017-09-06,ACTIVE,"['Ishani Khatri', 'Chandani Chatterjee']",['+918164304084'],U45201TN2015PTC100270,"['DIN-01000538', 'DIN-01000539']",ACTIVE_COMPLIANT
29GUUCU5590G1ZN,Ganga Infra Projects Pvt Ltd,"29, Mukhopadhyay Circle
Panipat 427962",Bengaluru,KA,2013-10-31,SUSPENDED,"['Viraj Sunder', 'Ria Nagy']",['4499475825'],U45201KA2016PTC100271,"['DIN-01000540', 'DIN-01000541']",ACTIVE_COMPLIANT
06HXBCF5607M1ZQ,Yamuna Civils & Highways Ltd,"01/60, Mani Street
Yamunanagar-569778",Karnal,HR,2010-04-19,ACTIVE,"['Dhriti Wason', 'Ira Jayaraman']",['+918737237115'],U45201HR2017PTC100272,"['DIN-01000542', 'DIN-01000543']",ACTIVE_COMPLIANT
08JAJCS5624S1ZS,Kaveri Infratech Pvt Ltd,"54/021, Chander Circle, Akola-220265",Kota,RJ,2011-12-21,ACTIVE,"['Tejas Warrior', 'Nakul Tiwari']",['01998572151'],U45201RJ2018PTC100273,"['DIN-01000544', 'DIN-01000545']",ACTIVE_COMPLIANT
29KDRCD5641X1ZU,Godavari Civil Projects Ltd,"39/293
Yadav Nagar
Gurgaon 194844",Mangaluru,KA,2022-06-17,ACTIVE,"['Zinal D’Alia', 'Krishna Narayanan']",['+914005281951'],U45201KA2019PTC100274,"['DIN-01000546', 'DIN-01000547']",ACTIVE_COMPLIANT
09LGYCQ5658C1ZW,Shivalik Constructions & Engineers Pvt Ltd,"14, Kaul Circle, Bikaner 423277",Varanasi,UP,2015-06-08,ACTIVE,"['Vasana Bhagat', 'Nitesh Bala']",['8317626887'],U45201UP2020PTC100275,"['DIN-01000548', 'DIN-01000549']",ACTIVE_COMPLIANT
21MKFCB5675H1ZY,Himalaya Roadways & Infrastructure Ltd,"92/04
Kashyap Chowk
Gorakhpur-108721",Balasore,OR,2016-04-08,ACTIVE,"['Daksha Savant', 'Michael Lala']",['+911034251480'],U45201OR2021PTC100276,"['DIN-01000550', 'DIN-01000551']",ACTIVE_COMPLIANT
10NNNCN5692N1ZA,Apex Builders & Developers Pvt Ltd,"85/94, Khare Chowk
Guntakal-989040",Bhagalpur,BR,2016-01-27,ACTIVE,"['Manbir Konda', 'Udyati Patel']",['+918667365991'],U45201BR2010PTC100277,"['DIN-01000552', 'DIN-01000553']",ACTIVE_COMPLIANT
03PRVCZ5709T1ZC,Prime Engineering Works Ltd,"781
Gaba Nagar
Ranchi 671397",Moga,PB,2020-03-04,ACTIVE,"['Madhav Tara', 'Max Deo']",['8642794834'],U45201PB2011PTC100278,"['DIN-01000554', 'DIN-01000555']",ACTIVE_COMPLIANT
10QUCCL5726Y1ZE,Universal Infra Projects Pvt Ltd,"11/140, Iyer Chowk
Bally 845109",Gaya,BR,2010-11-05,ACTIVE,"['Rohan Ramakrishnan', 'Balvan Ramesh']",['2465972531'],U45201BR2012PTC100279,"['DIN-01000556', 'DIN-01000557']",ACTIVE_COMPLIANT
23RXKCX5743D1ZG,Sterling Civils & Highways Ltd,"47/06
Kashyap Road, Bhiwandi 022885",Bhopal,MP,2011-01-28,ACTIVE,"['Robert Dave', 'Anay Solanki']",['07904027391'],U45201MP2013PTC100280,"['DIN-01000558', 'DIN-01000559']",ACTIVE_COMPLIANT
09SASCJ5760J1ZJ,Pioneer Infratech Pvt Ltd,"H.No. 74
Bhattacharyya Circle
Bhilwara 626474",Kanpur,UP,2013-08-02,ACTIVE,"['Qadim Chatterjee', 'Ganga Sundaram']",['1933777643'],U45201UP2014PTC100281,"['DIN-01000560', 'DIN-01000561']",ACTIVE_COMPLIANT
21TDZCV5777P1ZL,United Civil Projects Ltd,"H.No. 43, Bassi Chowk, Kottayam-828360",Bhubaneswar,OR,2016-04-29,ACTIVE,"['Falan Dhingra', 'Nidra Talwar']",['07707592409'],U45201OR2015PTC100282,"['DIN-01000562', 'DIN-01000563']",ACTIVE_COMPLIANT
10UGGCG5794U1ZN,Navnirman Constructions & Engineers Pvt Ltd,"893
Subramaniam Circle, Bhalswa Jahangir Pur 287702",Darbhanga,BR,2018-09-21,INACTIVE,"['Atharv Baral', 'Oeshi Bajaj']",['+915460917003'],U45201BR2016PTC100283,"['DIN-01000564', 'DIN-01000565']",ACTIVE_COMPLIANT
03VKPCT5811Z1ZQ,Sankalp Roadways & Infrastructure Ltd,"H.No. 109
Saran Chowk, Bhilwara 155575",Bathinda,PB,2016-05-18,ACTIVE,"['Wridesh Thakur', 'Henry Mitter']",['08761674298'],U45201PB2017PTC100284,"['DIN-01000566', 'DIN-01000567']",ACTIVE_COMPLIANT
09WNWCE5828E1ZS,Samrat Builders & Developers Pvt Ltd,"99/383
Barman Zila
Fatehpur-472935",Karimnagar,TS,2015-09-26,ACTIVE,"['Mugdha Vora', 'Akshay Sawhney']",['+919695996512'],U45201TS2018PTC100285,"['DIN-01000568', 'DIN-01000569']",ACTIVE_COMPLIANT
24XRDCR5845K1ZU,Rajdhani Engineering Works Ltd,"44
Agrawal Circle, Thoothukudi 689987",Rajkot,GJ,2022-03-10,ACTIVE,"['Maya Vasa', 'Aarav Dass']",['+913693389815'],U45201GJ2019PTC100286,"['DIN-01000570', 'DIN-01000571']",ACTIVE_COMPLIANT
09YULCC5862Q1ZW,Swastik Infra Projects Pvt Ltd,"H.No. 814
Dar Chowk
South Dumdum-609536",Khammam,TS,2012-02-04,ACTIVE,"['Ekaja Parikh', 'Frado Sodhi']",['00018999193'],U45201TS2020PTC100287,"['DIN-01000572', 'DIN-01000573']",ACTIVE_COMPLIANT
06ZXTCP5879V1ZY,Surya Civils & Highways Ltd,"19, Gokhale Nagar, Mumbai-328001",Panipat,HR,2017-06-06,ACTIVE,"['Lipika Mitter', 'Nathaniel Ratti']",['08104093261'],U45201HR2021PTC100288,"['DIN-01000574', 'DIN-01000575']",ACTIVE_COMPLIANT
23AAACA5896A1ZA,Shri Ram Infratech Pvt Ltd,"36
Reddy Marg
Gaya-016849",Ujjain,MP,2017-01-18,ACTIVE,"['Krishna Handa', 'Benjamin Sachdeva']",['+910290995490'],U45201MP2010PTC100289,"['DIN-01000576', 'DIN-01000577']",ACTIVE_COMPLIANT
09BDHCM5913F1ZC,Bharat Civil Projects Ltd,"40
De Street
Hospet-156080",Nizamabad,TS,2016-02-26,ACTIVE,"['Dakshesh Chada', 'Vasudha Shenoy']",['8501669098'],U45201TS2011PTC100290,"['DIN-01000578', 'DIN-01000579']",ACTIVE_COMPLIANT
21CGQCY5930L1ZE,National Constructions & Engineers Pvt Ltd,"90/817, Kothari Road
Katni-531251",Rourkela,OR,2020-06-30,ACTIVE,"['Edhitha Murthy', 'Aarna Chander']",['+917243259751'],U45201OR2012PTC100291,"['DIN-01000580', 'DIN-01000581']",ACTIVE_COMPLIANT
03DKXCK5947R1ZG,Hindustan Roadways & Infrastructure Ltd,"H.No. 690
Garde Marg, Saharsa 929359",Jalandhar,PB,2013-06-21,ACTIVE,"['Hamsini Kakar', 'Yatin Gokhale']",['04825831944'],U45201PB2013PTC100292,"['DIN-01000582', 'DIN-01000583']",ACTIVE_COMPLIANT
23ENECW5964W1ZJ,Pragati Builders & Developers Pvt Ltd,"71, Karpe Marg, Tumkur 865835",Ujjain,MP,2022-05-25,ACTIVE,"['Unnati Vig', 'Manan Pradhan']",['07365581818'],U45201MP2014PTC100293,"['DIN-01000584', 'DIN-01000585']",ACTIVE_COMPLIANT
24FRMCH5981B1ZL,Vikas Engineering Works Ltd,"H.No. 570
Sarin Nagar, Bhavnagar-051271",Mehsana,GJ,2014-04-23,ACTIVE,"['Udarsh Prakash', 'Krishna Sampath']",['07303332871'],U45201GJ2015PTC100294,"['DIN-01000586', 'DIN-01000587']",ACTIVE_COMPLIANT
09GUUCU5998G1ZN,Ganga Infra Projects Pvt Ltd,"66/305, Dhawan Street
Hapur 495359",Meerut,UP,2017-01-31,ACTIVE,"['Jairaj Chaudry', 'Tanish Sami']",['8425832698'],U45201UP2016PTC100295,"['DIN-01000588', 'DIN-01000589']",ACTIVE_COMPLIANT
10HXBCF6015M1ZQ,Yamuna Civils & Highways Ltd,"H.No. 096
Balan
Howrah-107858",Gaya,BR,2016-10-07,ACTIVE,"['Qushi Konda', 'Inaya Barman']",['3189270169'],U45201BR2017PTC100296,"['DIN-01000590', 'DIN-01000591']",ACTIVE_COMPLIANT
08JAJCS6032S1ZS,Kaveri Infratech Pvt Ltd,"H.No. 348, Kannan Ganj, Patna-404071",Bharatpur,RJ,2021-01-16,ACTIVE,"['Lila Buch', 'Ranbir Comar']",['00808946552'],U45201RJ2018PTC100297,"['DIN-01000592', 'DIN-01000593']",ACTIVE_COMPLIANT
29KDRCD6049X1ZU,Godavari Civil Projects Ltd,"201, Sha Zila
Kadapa 551098",Tumakuru,KA,2015-09-15,ACTIVE,"['Jasmit Kale', 'Aarna Maharaj']",['05187127294'],U45201KA2019PTC100298,"['DIN-01000594', 'DIN-01000595']",ACTIVE_COMPLIANT
24LGYCQ6066C1ZW,Shivalik Constructions & Engineers Pvt Ltd,"14
Shere Zila
Rajkot 502897",Rajkot,GJ,2013-09-12,ACTIVE,"['Sai Rastogi', 'Yochana Nair']",['07510164285'],U45201GJ2020PTC100299,"['DIN-01000596', 'DIN-01000597']",ACTIVE_COMPLIANT
09MKFCB6083H1ZY,Himalaya Roadways & Infrastructure Ltd,"H.No. 47
Raj Street, Bidhannagar-671491",Mahbubnagar,TS,2010-04-13,ACTIVE,"['Naveen Murty', 'Vrishti Jain']",['+916248935567'],U45201TS2021PTC100300,"['DIN-01000598', 'DIN-01000599']",ACTIVE_COMPLIANT
