work_id_mplads,work_id_mgnrega,other_scheme,similarity_score,match_basis,location_score,description_score,amount_score,distance_m,evidence_text
MPLADS-2021-AP-0001,MGNREGA_MPLADS-2021-AP-0001,MGNREGA,0.968,location|description|amount|timeline,0.92,1.0,1.0,202.0,⚠️ Potential duplicate funding: MPLADS work MPLADS-2021-AP-0001 matches MGNREGA work MGNREGA_MPLADS-2021-AP-0001 with 97% similarity. Physical distance: 202m. Description similarity: 100%. Same physical asset may be funded under multiple schemes.
MPLADS-2023-OR-0001,MGNREGA_MPLADS-2023-OR-0001,MGNREGA,0.934,location|description|amount|timeline,0.947,1.0,0.7,149.9,⚠️ Potential duplicate funding: MPLADS work MPLADS-2023-OR-0001 matches MGNREGA work MGNREGA_MPLADS-2023-OR-0001 with 93% similarity. Physical distance: 150m. Description similarity: 100%. Same physical asset may be funded under multiple schemes.
MPLADS-2021-RJ-0001,MGNREGA_MPLADS-2021-RJ-0001,MGNREGA,0.959,location|description|amount|timeline,0.897,1.0,1.0,244.9,⚠️ Potential duplicate funding: MPLADS work MPLADS-2021-RJ-0001 matches MGNREGA work MGNREGA_MPLADS-2021-RJ-0001 with 96% similarity. Physical distance: 245m. Description similarity: 100%. Same physical asset may be funded under multiple schemes.
MPLADS-2019-TS-0001,MGNREGA_MPLADS-2019-TS-0001,MGNREGA,0.918,location|description|amount|timeline,0.909,1.0,0.7,223.5,⚠️ Potential duplicate funding: MPLADS work MPLADS-2019-TS-0001 matches MGNREGA work MGNREGA_MPLADS-2019-TS-0001 with 92% similarity. Physical distance: 224m. Description similarity: 100%. Same physical asset may be funded under multiple schemes.
MPLADS-2021-UP-0001,MGNREGA_MPLADS-2021-UP-0001,MGNREGA,0.926,location|description|amount|timeline,0.928,1.0,0.7,186.6,⚠️ Potential duplicate funding: MPLADS work MPLADS-2021-UP-0001 matches MGNREGA work MGNREGA_MPLADS-2021-UP-0001 with 93% similarity. Physical distance: 187m. Description similarity: 100%. Same physical asset may be funded under multiple schemes.
MPLADS-2022-OR-0002,MGNREGA_MPLADS-2022-OR-0002,MGNREGA,0.976,location|description|amount|timeline,0.941,1.0,1.0,162.2,⚠️ Potential duplicate funding: MPLADS work MPLADS-2022-OR-0002 matches MGNREGA work MGNREGA_MPLADS-2022-OR-0002 with 98% similarity. Physical distance: 162m. Description similarity: 100%. Same physical asset may be funded under multiple schemes.
MPLADS-2020-RJ-0002,MGNREGA_MPLADS-2020-RJ-0002,MGNREGA,0.992,location|description|amount|timeline,0.98,1.0,1.0,88.5,⚠️ Potential duplicate funding: MPLADS work MPLADS-2020-RJ-0002 matches MGNREGA work MGNREGA_MPLADS-2020-RJ-0002 with 99% similarity. Physical distance: 88m. Description similarity: 100%. Same physical asset may be funded under multiple schemes.
MPLADS-2021-AP-0002,MGNREGA_MPLADS-2021-AP-0002,MGNREGA,0.972,location|description|amount|timeline,0.93,1.0,1.0,183.6,⚠️ Potential duplicate funding: MPLADS work MPLADS-2021-AP-0002 matches MGNREGA work MGNREGA_MPLADS-2021-AP-0002 with 97% similarity. Physical distance: 184m. Description similarity: 100%. Same physical asset may be funded under multiple schemes.
MPLADS-2023-OR-0004,MGNREGA_MPLADS-2023-OR-0004,MGNREGA,0.94,location|description|amount|timeline,0.963,1.0,0.7,120.4,⚠️ Potential duplicate funding: MPLADS work MPLADS-2023-OR-0004 matches MGNREGA work MGNREGA_MPLADS-2023-OR-0004 with 94% similarity. Physical distance: 120m. Description similarity: 100%. Same physical asset may be funded under multiple schemes.
MPLADS-2019-AP-0003,MGNREGA_MPLADS-2019-AP-0003,MGNREGA,0.955,location|description|amount|timeline,1.0,1.0,0.7,40.3,⚠️ Potential duplicate funding: MPLADS work MPLADS-2019-AP-0003 matches MGNREGA work MGNREGA_MPLADS-2019-AP-0003 with 96% similarity. Physical distance: 40m. Description similarity: 100%. Same physical asset may be funded under multiple schemes.
MPLADS-2023-RJ-0006,MGNREGA_MPLADS-2023-RJ-0006,MGNREGA,0.936,location|description|amount|timeline,0.952,1.0,0.7,141.0,⚠️ Potential duplicate funding: MPLADS work MPLADS-2023-RJ-0006 matches MGNREGA work MGNREGA_MPLADS-2023-RJ-0006 with 94% similarity. Physical distance: 141m. Description similarity: 100%. Same physical asset may be funded under multiple schemes.
MPLADS-2023-BR-0003,MGNREGA_MPLADS-2023-BR-0003,MGNREGA,0.908,location|description|amount|timeline,0.882,1.0,0.7,274.2,⚠️ Potential duplicate funding: MPLADS work MPLADS-2023-BR-0003 matches MGNREGA work MGNREGA_MPLADS-2023-BR-0003 with 91% similarity. Physical distance: 274m. Description similarity: 100%. Same physical asset may be funded under multiple schemes.
MPLADS-2022-TS-0002,MGNREGA_MPLADS-2022-TS-0002,MGNREGA,0.97,location|description|amount|timeline,0.925,1.0,1.0,192.2,⚠️ Potential duplicate funding: MPLADS work MPLADS-2022-TS-0002 matches MGNREGA work MGNREGA_MPLADS-2022-TS-0002 with 97% similarity. Physical distance: 192m. Description similarity: 100%. Same physical asset may be funded under multiple schemes.
MPLADS-2023-OR-0006,MGNREGA_MPLADS-2023-OR-0006,MGNREGA,0.977,location|description|amount|timeline,0.942,1.0,1.0,159.9,⚠️ Potential duplicate funding: MPLADS work MPLADS-2023-OR-0006 matches MGNREGA work MGNREGA_MPLADS-2023-OR-0006 with 98% similarity. Physical distance: 160m. Description similarity: 100%. Same physical asset may be funded under multiple schemes.
MPLADS-2020-TN-0005,MGNREGA_MPLADS-2020-TN-0005,MGNREGA,0.953,location|description|amount|timeline,0.883,1.0,1.0,272.6,⚠️ Potential duplicate funding: MPLADS work MPLADS-2020-TN-0005 matches MGNREGA work MGNREGA_MPLADS-2020-TN-0005 with 95% similarity. Physical distance: 273m. Description similarity: 100%. Same physical asset may be funded under multiple schemes.
MPLADS-2019-TN-0007,MGNREGA_MPLADS-2019-TN-0007,MGNREGA,0.987,location|description|amount|timeline,0.969,1.0,1.0,109.5,⚠️ Potential duplicate funding: MPLADS work MPLADS-2019-TN-0007 matches MGNREGA work MGNREGA_MPLADS-2019-TN-0007 with 99% similarity. Physical distance: 110m. Description similarity: 100%. Same physical asset may be funded under multiple schemes.
MPLADS-2022-HR-0002,MGNREGA_MPLADS-2022-HR-0002,MGNREGA,0.939,location|description|amount|timeline,0.961,1.0,0.7,124.5,⚠️ Potential duplicate funding: MPLADS work MPLADS-2022-HR-0002 matches MGNREGA work MGNREGA_MPLADS-2022-HR-0002 with 94% similarity. Physical distance: 124m. Description similarity: 100%. Same physical asset may be funded under multiple schemes.
MPLADS-2020-WB-0002,MGNREGA_MPLADS-2020-WB-0002,MGNREGA,0.92,location|description|amount|timeline,0.912,1.0,0.7,218.1,⚠️ Potential duplicate funding: MPLADS work MPLADS-2020-WB-0002 matches MGNREGA work MGNREGA_MPLADS-2020-WB-0002 with 92% similarity. Physical distance: 218m. Description similarity: 100%. Same physical asset may be funded under multiple schemes.
MPLADS-2020-PB-0001,MGNREGA_MPLADS-2020-PB-0001,MGNREGA,0.931,location|description|amount|timeline,0.939,1.0,0.7,165.6,⚠️ Potential duplicate funding: MPLADS work MPLADS-2020-PB-0001 matches MGNREGA work MGNREGA_MPLADS-2020-PB-0001 with 93% similarity. Physical distance: 166m. Description similarity: 100%. Same physical asset may be funded under multiple schemes.
MPLADS-2021-MH-0003,MGNREGA_MPLADS-2021-MH-0003,MGNREGA,0.961,location|description|amount|timeline,0.904,1.0,1.0,233.3,⚠️ Potential duplicate funding: MPLADS work MPLADS-2021-MH-0003 matches MGNREGA work MGNREGA_MPLADS-2021-MH-0003 with 96% similarity. Physical distance: 233m. Description similarity: 100%. Same physical asset may be funded under multiple schemes.
MPLADS-2023-PB-0002,MGNREGA_MPLADS-2023-PB-0002,MGNREGA,0.944,location|description|amount|timeline,0.973,1.0,0.7,100.9,⚠️ Potential duplicate funding: MPLADS work MPLADS-2023-PB-0002 matches MGNREGA work MGNREGA_MPLADS-2023-PB-0002 with 94% similarity. Physical distance: 101m. Description similarity: 100%. Same physical asset may be funded under multiple schemes.
MPLADS-2023-KA-0003,MGNREGA_MPLADS-2023-KA-0003,MGNREGA,0.986,location|description|amount|timeline,0.966,1.0,1.0,114.3,⚠️ Potential duplicate funding: MPLADS work MPLADS-2023-KA-0003 matches MGNREGA work MGNREGA_MPLADS-2023-KA-0003 with 99% similarity. Physical distance: 114m. Description similarity: 100%. Same physical asset may be funded under multiple schemes.
MPLADS-2020-RJ-0010,MGNREGA_MPLADS-2020-RJ-0010,MGNREGA,0.923,location|description|amount|timeline,0.921,1.0,0.7,200.0,⚠️ Potential duplicate funding: MPLADS work MPLADS-2020-RJ-0010 matches MGNREGA work MGNREGA_MPLADS-2020-RJ-0010 with 92% similarity. Physical distance: 200m. Description similarity: 100%. Same physical asset may be funded under multiple schemes.
MPLADS-2023-RJ-0011,MGNREGA_MPLADS-2023-RJ-0011,MGNREGA,0.915,location|description|amount|timeline,0.899,1.0,0.7,242.2,⚠️ Potential duplicate funding: MPLADS work MPLADS-2023-RJ-0011 matches MGNREGA work MGNREGA_MPLADS-2023-RJ-0011 with 91% similarity. Physical distance: 242m. Description similarity: 100%. Same physical asset may be funded under multiple schemes.
MPLADS-2020-HR-0005,MGNREGA_MPLADS-2020-HR-0005,MGNREGA,0.957,location|description|amount|timeline,0.894,1.0,1.0,251.9,⚠️ Potential duplicate funding: MPLADS work MPLADS-2020-HR-0005 matches MGNREGA work MGNREGA_MPLADS-2020-HR-0005 with 96% similarity. Physical distance: 252m. Description similarity: 100%. Same physical asset may be funded under multiple schemes.
MPLADS-2020-RJ-0012,MGNREGA_MPLADS-2020-RJ-0012,MGNREGA,0.934,location|description|amount|timeline,0.948,1.0,0.7,148.5,⚠️ Potential duplicate funding: MPLADS work MPLADS-2020-RJ-0012 matches MGNREGA work MGNREGA_MPLADS-2020-RJ-0012 with 93% similarity. Physical distance: 148m. Description similarity: 100%. Same physical asset may be funded under multiple schemes.
MPLADS-2020-KA-0005,MGNREGA_MPLADS-2020-KA-0005,MGNREGA,0.928,location|description|amount|timeline,0.933,1.0,0.7,176.4,⚠️ Potential duplicate funding: MPLADS work MPLADS-2020-KA-0005 matches MGNREGA work MGNREGA_MPLADS-2020-KA-0005 with 93% similarity. Physical distance: 176m. Description similarity: 100%. Same physical asset may be funded under multiple schemes.
MPLADS-2020-MH-0004,MGNREGA_MPLADS-2020-MH-0004,MGNREGA,0.947,location|description|amount|timeline,0.979,1.0,0.7,90.0,⚠️ Potential duplicate funding: MPLADS work MPLADS-2020-MH-0004 matches MGNREGA work MGNREGA_MPLADS-2020-MH-0004 with 95% similarity. Physical distance: 90m. Description similarity: 100%. Same physical asset may be funded under multiple schemes.
MPLADS-2021-KA-0006,MGNREGA_MPLADS-2021-KA-0006,MGNREGA,0.987,location|description|amount|timeline,0.967,1.0,1.0,113.2,⚠️ Potential duplicate funding: MPLADS work MPLADS-2021-KA-0006 matches MGNREGA work MGNREGA_MPLADS-2021-KA-0006 with 99% similarity. Physical distance: 113m. Description similarity: 100%. Same physical asset may be funded under multiple schemes.
MPLADS-2022-HR-0006,MGNREGA_MPLADS-2022-HR-0006,MGNREGA,0.976,location|description|amount|timeline,0.941,1.0,1.0,162.1,⚠️ Potential duplicate funding: MPLADS work MPLADS-2022-HR-0006 matches MGNREGA work MGNREGA_MPLADS-2022-HR-0006 with 98% similarity. Physical distance: 162m. Description similarity: 100%. Same physical asset may be funded under multiple schemes.
MPLADS-2020-RJ-0013,MGNREGA_MPLADS-2020-RJ-0013,MGNREGA,0.971,location|description|amount|timeline,0.927,1.0,1.0,189.3,⚠️ Potential duplicate funding: MPLADS work MPLADS-2020-RJ-0013 matches MGNREGA work MGNREGA_MPLADS-2020-RJ-0013 with 97% similarity. Physical distance: 189m. Description similarity: 100%. Same physical asset may be funded under multiple schemes.
MPLADS-2022-UP-0003,MGNREGA_MPLADS-2022-UP-0003,MGNREGA,0.987,location|description|amount|timeline,0.968,1.0,1.0,110.9,⚠️ Potential duplicate funding: MPLADS work MPLADS-2022-UP-0003 matches MGNREGA work MGNREGA_MPLADS-2022-UP-0003 with 99% similarity. Physical distance: 111m. Description similarity: 100%. Same physical asset may be funded under multiple schemes.
MPLADS-2019-TN-0012,MGNREGA_MPLADS-2019-TN-0012,MGNREGA,0.955,location|description|amount|timeline,1.0,1.0,0.7,33.3,⚠️ Potential duplicate funding: MPLADS work MPLADS-2019-TN-0012 matches MGNREGA work MGNREGA_MPLADS-2019-TN-0012 with 96% similarity. Physical distance: 33m. Description similarity: 100%. Same physical asset may be funded under multiple schemes.
MPLADS-2020-WB-0003,MGNREGA_MPLADS-2020-WB-0003,MGNREGA,0.956,location|description|amount|timeline,0.89,1.0,1.0,259.7,⚠️ Potential duplicate funding: MPLADS work MPLADS-2020-WB-0003 matches MGNREGA work MGNREGA_MPLADS-2020-WB-0003 with 96% similarity. Physical distance: 260m. Description similarity: 100%. Same physical asset may be funded under multiple schemes.
MPLADS-2021-KA-0008,MGNREGA_MPLADS-2021-KA-0008,MGNREGA,0.948,location|description|amount|timeline,0.983,1.0,0.7,82.7,⚠️ Potential duplicate funding: MPLADS work MPLADS-2021-KA-0008 matches MGNREGA work MGNREGA_MPLADS-2021-KA-0008 with 95% similarity. Physical distance: 83m. Description similarity: 100%. Same physical asset may be funded under multiple schemes.
MPLADS-2021-PB-0005,MGNREGA_MPLADS-2021-PB-0005,MGNREGA,0.986,location|description|amount|timeline,0.965,1.0,1.0,116.7,⚠️ Potential duplicate funding: MPLADS work MPLADS-2021-PB-0005 matches MGNREGA work MGNREGA_MPLADS-2021-PB-0005 with 99% similarity. Physical distance: 117m. Description similarity: 100%. Same physical asset may be funded under multiple schemes.
MPLADS-2023-GJ-0009,MGNREGA_MPLADS-2023-GJ-0009,MGNREGA,0.966,location|description|amount|timeline,0.915,1.0,1.0,211.5,⚠️ Potential duplicate funding: MPLADS work MPLADS-2023-GJ-0009 matches MGNREGA work MGNREGA_MPLADS-2023-GJ-0009 with 97% similarity. Physical distance: 211m. Description similarity: 100%. Same physical asset may be funded under multiple schemes.
MPLADS-2020-GJ-0010,MGNREGA_MPLADS-2020-GJ-0010,MGNREGA,0.917,location|description|amount|timeline,0.904,1.0,0.7,231.6,⚠️ Potential duplicate funding: MPLADS work MPLADS-2020-GJ-0010 matches MGNREGA work MGNREGA_MPLADS-2020-GJ-0010 with 92% similarity. Physical distance: 232m. Description similarity: 100%. Same physical asset may be funded under multiple schemes.
MPLADS-2019-TN-0013,MGNREGA_MPLADS-2019-TN-0013,MGNREGA,0.929,location|description|amount|timeline,0.936,1.0,0.7,172.5,⚠️ Potential duplicate funding: MPLADS work MPLADS-2019-TN-0013 matches MGNREGA work MGNREGA_MPLADS-2019-TN-0013 with 93% similarity. Physical distance: 173m. Description similarity: 100%. Same physical asset may be funded under multiple schemes.
MPLADS-2023-MH-0009,MGNREGA_MPLADS-2023-MH-0009,MGNREGA,0.965,location|description|amount|timeline,0.913,1.0,1.0,214.5,⚠️ Potential duplicate funding: MPLADS work MPLADS-2023-MH-0009 matches MGNREGA work MGNREGA_MPLADS-2023-MH-0009 with 97% similarity. Physical distance: 215m. Description similarity: 100%. Same physical asset may be funded under multiple schemes.
MPLADS-2022-UP-0005,MGNREGA_MPLADS-2022-UP-0005,MGNREGA,0.967,location|description|amount|timeline,0.918,1.0,1.0,206.0,⚠️ Potential duplicate funding: MPLADS work MPLADS-2022-UP-0005 matches MGNREGA work MGNREGA_MPLADS-2022-UP-0005 with 97% similarity. Physical distance: 206m. Description similarity: 100%. Same physical asset may be funded under multiple schemes.
MPLADS-2022-MH-0010,MGNREGA_MPLADS-2022-MH-0010,MGNREGA,0.967,location|description|amount|timeline,0.917,1.0,1.0,207.7,⚠️ Potential duplicate funding: MPLADS work MPLADS-2022-MH-0010 matches MGNREGA work MGNREGA_MPLADS-2022-MH-0010 with 97% similarity. Physical distance: 208m. Description similarity: 100%. Same physical asset may be funded under multiple schemes.
MPLADS-2021-PB-0006,MGNREGA_MPLADS-2021-PB-0006,MGNREGA,0.924,location|description|amount|timeline,0.923,1.0,0.7,197.0,⚠️ Potential duplicate funding: MPLADS work MPLADS-2021-PB-0006 matches MGNREGA work MGNREGA_MPLADS-2021-PB-0006 with 92% similarity. Physical distance: 197m. Description similarity: 100%. Same physical asset may be funded under multiple schemes.
MPLADS-2019-MP-0003,MGNREGA_MPLADS-2019-MP-0003,MGNREGA,0.955,location|description|amount|timeline,1.0,1.0,0.7,34.1,⚠️ Potential duplicate funding: MPLADS work MPLADS-2019-MP-0003 matches MGNREGA work MGNREGA_MPLADS-2019-MP-0003 with 96% similarity. Physical distance: 34m. Description similarity: 100%. Same physical asset may be funded under multiple schemes.
MPLADS-2023-PB-0007,MGNREGA_MPLADS-2023-PB-0007,MGNREGA,0.928,location|description|amount|timeline,0.932,1.0,0.7,180.1,⚠️ Potential duplicate funding: MPLADS work MPLADS-2023-PB-0007 matches MGNREGA work MGNREGA_MPLADS-2023-PB-0007 with 93% similarity. Physical distance: 180m. Description similarity: 100%. Same physical asset may be funded under multiple schemes.
MPLADS-2023-RJ-0014,MGNREGA_MPLADS-2023-RJ-0014,MGNREGA,0.994,location|description|amount|timeline,0.985,1.0,1.0,79.0,⚠️ Potential duplicate funding: MPLADS work MPLADS-2023-RJ-0014 matches MGNREGA work MGNREGA_MPLADS-2023-RJ-0014 with 99% similarity. Physical distance: 79m. Description similarity: 100%. Same physical asset may be funded under multiple schemes.
MPLADS-2021-AP-0008,MGNREGA_MPLADS-2021-AP-0008,MGNREGA,0.921,location|description|amount|timeline,0.916,1.0,0.7,210.3,⚠️ Potential duplicate funding: MPLADS work MPLADS-2021-AP-0008 matches MGNREGA work MGNREGA_MPLADS-2021-AP-0008 with 92% similarity. Physical distance: 210m. Description similarity: 100%. Same physical asset may be funded under multiple schemes.
MPLADS-2020-BR-0011,MGNREGA_MPLADS-2020-BR-0011,MGNREGA,0.987,location|description|amount|timeline,0.968,1.0,1.0,110.4,⚠️ Potential duplicate funding: MPLADS work MPLADS-2020-BR-0011 matches MGNREGA work MGNREGA_MPLADS-2020-BR-0011 with 99% similarity. Physical distance: 110m. Description similarity: 100%. Same physical asset may be funded under multiple schemes.
MPLADS-2020-RJ-0015,MGNREGA_MPLADS-2020-RJ-0015,MGNREGA,0.967,location|description|amount|timeline,0.918,1.0,1.0,206.6,⚠️ Potential duplicate funding: MPLADS work MPLADS-2020-RJ-0015 matches MGNREGA work MGNREGA_MPLADS-2020-RJ-0015 with 97% similarity. Physical distance: 207m. Description similarity: 100%. Same physical asset may be funded under multiple schemes.
MPLADS-2022-AP-0009,MGNREGA_MPLADS-2022-AP-0009,MGNREGA,0.97,location|description|amount|timeline,0.925,1.0,1.0,193.2,⚠️ Potential duplicate funding: MPLADS work MPLADS-2022-AP-0009 matches MGNREGA work MGNREGA_MPLADS-2022-AP-0009 with 97% similarity. Physical distance: 193m. Description similarity: 100%. Same physical asset may be funded under multiple schemes.
MPLADS-2020-DL-0007,MGNREGA_MPLADS-2020-DL-0007,MGNREGA,0.922,location|description|amount|timeline,0.917,1.0,0.7,208.2,⚠️ Potential duplicate funding: MPLADS work MPLADS-2020-DL-0007 matches MGNREGA work MGNREGA_MPLADS-2020-DL-0007 with 92% similarity. Physical distance: 208m. Description similarity: 100%. Same physical asset may be funded under multiple schemes.
MPLADS-2023-PB-0008,MGNREGA_MPLADS-2023-PB-0008,MGNREGA,0.927,location|description|amount|timeline,0.929,1.0,0.7,184.5,⚠️ Potential duplicate funding: MPLADS work MPLADS-2023-PB-0008 matches MGNREGA work MGNREGA_MPLADS-2023-PB-0008 with 93% similarity. Physical distance: 185m. Description similarity: 100%. Same physical asset may be funded under multiple schemes.
MPLADS-2023-MH-0011,MGNREGA_MPLADS-2023-MH-0011,MGNREGA,0.937,location|description|amount|timeline,0.956,1.0,0.7,133.9,⚠️ Potential duplicate funding: MPLADS work MPLADS-2023-MH-0011 matches MGNREGA work MGNREGA_MPLADS-2023-MH-0011 with 94% similarity. Physical distance: 134m. Description similarity: 100%. Same physical asset may be funded under multiple schemes.
MPLADS-2021-MP-0005,MGNREGA_MPLADS-2021-MP-0005,MGNREGA,0.986,location|description|amount|timeline,0.966,1.0,1.0,114.9,⚠️ Potential duplicate funding: MPLADS work MPLADS-2021-MP-0005 matches MGNREGA work MGNREGA_MPLADS-2021-MP-0005 with 99% similarity. Physical distance: 115m. Description similarity: 100%. Same physical asset may be funded under multiple schemes.
MPLADS-2023-TN-0014,MGNREGA_MPLADS-2023-TN-0014,MGNREGA,0.953,location|description|amount|timeline,0.994,1.0,0.7,61.4,⚠️ Potential duplicate funding: MPLADS work MPLADS-2023-TN-0014 matches MGNREGA work MGNREGA_MPLADS-2023-TN-0014 with 95% similarity. Physical distance: 61m. Description similarity: 100%. Same physical asset may be funded under multiple schemes.
MPLADS-2021-MP-0006,MGNREGA_MPLADS-2021-MP-0006,MGNREGA,0.931,location|description|amount|timeline,0.939,1.0,0.7,166.3,⚠️ Potential duplicate funding: MPLADS work MPLADS-2021-MP-0006 matches MGNREGA work MGNREGA_MPLADS-2021-MP-0006 with 93% similarity. Physical distance: 166m. Description similarity: 100%. Same physical asset may be funded under multiple schemes.
MPLADS-2023-TN-0015,MGNREGA_MPLADS-2023-TN-0015,MGNREGA,0.967,location|description|amount|timeline,0.917,1.0,1.0,208.1,⚠️ Potential duplicate funding: MPLADS work MPLADS-2023-TN-0015 matches MGNREGA work MGNREGA_MPLADS-2023-TN-0015 with 97% similarity. Physical distance: 208m. Description similarity: 100%. Same physical asset may be funded under multiple schemes.
MPLADS-2019-GJ-0011,MGNREGA_MPLADS-2019-GJ-0011,MGNREGA,0.92,location|description|amount|timeline,0.913,1.0,0.7,215.1,⚠️ Potential duplicate funding: MPLADS work MPLADS-2019-GJ-0011 matches MGNREGA work MGNREGA_MPLADS-2019-GJ-0011 with 92% similarity. Physical distance: 215m. Description similarity: 100%. Same physical asset may be funded under multiple schemes.
MPLADS-2023-DL-0008,MGNREGA_MPLADS-2023-DL-0008,MGNREGA,0.98,location|description|amount|timeline,0.951,1.0,1.0,142.7,⚠️ Potential duplicate funding: MPLADS work MPLADS-2023-DL-0008 matches MGNREGA work MGNREGA_MPLADS-2023-DL-0008 with 98% similarity. Physical distance: 143m. Description similarity: 100%. Same physical asset may be funded under multiple schemes.
MPLADS-2020-KA-0011,MGNREGA_MPLADS-2020-KA-0011,MGNREGA,0.925,location|description|amount|timeline,0.924,1.0,0.7,193.5,⚠️ Potential duplicate funding: MPLADS work MPLADS-2020-KA-0011 matches MGNREGA work MGNREGA_MPLADS-2020-KA-0011 with 92% similarity. Physical distance: 194m. Description similarity: 100%. Same physical asset may be funded under multiple schemes.
MPLADS-2019-WB-0007,MGNREGA_MPLADS-2019-WB-0007,MGNREGA,0.929,location|description|amount|timeline,0.935,1.0,0.7,172.6,⚠️ Potential duplicate funding: MPLADS work MPLADS-2019-WB-0007 matches MGNREGA work MGNREGA_MPLADS-2019-WB-0007 with 93% similarity. Physical distance: 173m. Description similarity: 100%. Same physical asset may be funded under multiple schemes.
MPLADS-2022-MP-0008,MGNREGA_MPLADS-2022-MP-0008,MGNREGA,0.97,location|description|amount|timeline,0.924,1.0,1.0,194.6,⚠️ Potential duplicate funding: MPLADS work MPLADS-2022-MP-0008 matches MGNREGA work MGNREGA_MPLADS-2022-MP-0008 with 97% similarity. Physical distance: 195m. Description similarity: 100%. Same physical asset may be funded under multiple schemes.
MPLADS-2021-RJ-0018,MGNREGA_MPLADS-2021-RJ-0018,MGNREGA,0.98,location|description|amount|timeline,0.951,1.0,1.0,142.8,⚠️ Potential duplicate funding: MPLADS work MPLADS-2021-RJ-0018 matches MGNREGA work MGNREGA_MPLADS-2021-RJ-0018 with 98% similarity. Physical distance: 143m. Description similarity: 100%. Same physical asset may be funded under multiple schemes.
MPLADS-2021-WB-0008,MGNREGA_MPLADS-2021-WB-0008,MGNREGA,0.923,location|description|amount|timeline,0.92,1.0,0.7,202.7,⚠️ Potential duplicate funding: MPLADS work MPLADS-2021-WB-0008 matches MGNREGA work MGNREGA_MPLADS-2021-WB-0008 with 92% similarity. Physical distance: 203m. Description similarity: 100%. Same physical asset may be funded under multiple schemes.
MPLADS-2022-TS-0007,MGNREGA_MPLADS-2022-TS-0007,MGNREGA,0.971,location|description|amount|timeline,0.928,1.0,1.0,186.7,⚠️ Potential duplicate funding: MPLADS work MPLADS-2022-TS-0007 matches MGNREGA work MGNREGA_MPLADS-2022-TS-0007 with 97% similarity. Physical distance: 187m. Description similarity: 100%. Same physical asset may be funded under multiple schemes.
MPLADS-2023-UP-0006,MGNREGA_MPLADS-2023-UP-0006,MGNREGA,0.942,location|description|amount|timeline,0.967,1.0,0.7,111.8,⚠️ Potential duplicate funding: MPLADS work MPLADS-2023-UP-0006 matches MGNREGA work MGNREGA_MPLADS-2023-UP-0006 with 94% similarity. Physical distance: 112m. Description similarity: 100%. Same physical asset may be funded under multiple schemes.
MPLADS-2021-RJ-0019,MGNREGA_MPLADS-2021-RJ-0019,MGNREGA,0.967,location|description|amount|timeline,0.919,1.0,1.0,204.5,⚠️ Potential duplicate funding: MPLADS work MPLADS-2021-RJ-0019 matches MGNREGA work MGNREGA_MPLADS-2021-RJ-0019 with 97% similarity. Physical distance: 204m. Description similarity: 100%. Same physical asset may be funded under multiple schemes.
MPLADS-2022-DL-0010,MGNREGA_MPLADS-2022-DL-0010,MGNREGA,0.918,location|description|amount|timeline,0.907,1.0,0.7,227.4,⚠️ Potential duplicate funding: MPLADS work MPLADS-2022-DL-0010 matches MGNREGA work MGNREGA_MPLADS-2022-DL-0010 with 92% similarity. Physical distance: 227m. Description similarity: 100%. Same physical asset may be funded under multiple schemes.
MPLADS-2020-BR-0015,MGNREGA_MPLADS-2020-BR-0015,MGNREGA,0.923,location|description|amount|timeline,0.92,1.0,0.7,202.2,⚠️ Potential duplicate funding: MPLADS work MPLADS-2020-BR-0015 matches MGNREGA work MGNREGA_MPLADS-2020-BR-0015 with 92% similarity. Physical distance: 202m. Description similarity: 100%. Same physical asset may be funded under multiple schemes.
MPLADS-2021-OR-0011,MGNREGA_MPLADS-2021-OR-0011,MGNREGA,0.919,location|description|amount|timeline,0.911,1.0,0.7,218.7,⚠️ Potential duplicate funding: MPLADS work MPLADS-2021-OR-0011 matches MGNREGA work MGNREGA_MPLADS-2021-OR-0011 with 92% similarity. Physical distance: 219m. Description similarity: 100%. Same physical asset may be funded under multiple schemes.
MPLADS-2023-UP-0007,MGNREGA_MPLADS-2023-UP-0007,MGNREGA,0.994,location|description|amount|timeline,0.985,1.0,1.0,79.0,⚠️ Potential duplicate funding: MPLADS work MPLADS-2023-UP-0007 matches MGNREGA work MGNREGA_MPLADS-2023-UP-0007 with 99% similarity. Physical distance: 79m. Description similarity: 100%. Same physical asset may be funded under multiple schemes.
MPLADS-2023-DL-0011,MGNREGA_MPLADS-2023-DL-0011,MGNREGA,0.934,location|description|amount|timeline,0.948,1.0,0.7,148.0,⚠️ Potential duplicate funding: MPLADS work MPLADS-2023-DL-0011 matches MGNREGA work MGNREGA_MPLADS-2023-DL-0011 with 93% similarity. Physical distance: 148m. Description similarity: 100%. Same physical asset may be funded under multiple schemes.
MPLADS-2021-HR-0014,MGNREGA_MPLADS-2021-HR-0014,MGNREGA,0.984,location|description|amount|timeline,0.961,1.0,1.0,123.8,⚠️ Potential duplicate funding: MPLADS work MPLADS-2021-HR-0014 matches MGNREGA work MGNREGA_MPLADS-2021-HR-0014 with 98% similarity. Physical distance: 124m. Description similarity: 100%. Same physical asset may be funded under multiple schemes.
MPLADS-2020-BR-0016,MGNREGA_MPLADS-2020-BR-0016,MGNREGA,0.975,location|description|amount|timeline,0.938,1.0,1.0,167.6,⚠️ Potential duplicate funding: MPLADS work MPLADS-2020-BR-0016 matches MGNREGA work MGNREGA_MPLADS-2020-BR-0016 with 98% similarity. Physical distance: 168m. Description similarity: 100%. Same physical asset may be funded under multiple schemes.
MPLADS-2019-TN-0019,MGNREGA_MPLADS-2019-TN-0019,MGNREGA,0.971,location|description|amount|timeline,0.926,1.0,1.0,189.7,⚠️ Potential duplicate funding: MPLADS work MPLADS-2019-TN-0019 matches MGNREGA work MGNREGA_MPLADS-2019-TN-0019 with 97% similarity. Physical distance: 190m. Description similarity: 100%. Same physical asset may be funded under multiple schemes.
MPLADS-2022-PB-0015,MGNREGA_MPLADS-2022-PB-0015,MGNREGA,0.965,location|description|amount|timeline,0.914,1.0,1.0,214.3,⚠️ Potential duplicate funding: MPLADS work MPLADS-2022-PB-0015 matches MGNREGA work MGNREGA_MPLADS-2022-PB-0015 with 97% similarity. Physical distance: 214m. Description similarity: 100%. Same physical asset may be funded under multiple schemes.
MPLADS-2022-GJ-0015,MGNREGA_MPLADS-2022-GJ-0015,MGNREGA,0.927,location|description|amount|timeline,0.93,1.0,0.7,182.6,⚠️ Potential duplicate funding: MPLADS work MPLADS-2022-GJ-0015 matches MGNREGA work MGNREGA_MPLADS-2022-GJ-0015 with 93% similarity. Physical distance: 183m. Description similarity: 100%. Same physical asset may be funded under multiple schemes.
MPLADS-2020-BR-0018,MGNREGA_MPLADS-2020-BR-0018,MGNREGA,1.0,location|description|amount|timeline,1.0,1.0,1.0,30.8,⚠️ Potential duplicate funding: MPLADS work MPLADS-2020-BR-0018 matches MGNREGA work MGNREGA_MPLADS-2020-BR-0018 with 100% similarity. Physical distance: 31m. Description similarity: 100%. Same physical asset may be funded under multiple schemes.
MPLADS-2023-BR-0019,MGNREGA_MPLADS-2023-BR-0019,MGNREGA,0.976,location|description|amount|timeline,0.941,1.0,1.0,162.6,⚠️ Potential duplicate funding: MPLADS work MPLADS-2023-BR-0019 matches MGNREGA work MGNREGA_MPLADS-2023-BR-0019 with 98% similarity. Physical distance: 163m. Description similarity: 100%. Same physical asset may be funded under multiple schemes.
MPLADS-2019-OR-0012,MGNREGA_MPLADS-2019-OR-0012,MGNREGA,0.919,location|description|amount|timeline,0.911,1.0,0.7,220.0,⚠️ Potential duplicate funding: MPLADS work MPLADS-2019-OR-0012 matches MGNREGA work MGNREGA_MPLADS-2019-OR-0012 with 92% similarity. Physical distance: 220m. Description similarity: 100%. Same physical asset may be funded under multiple schemes.
MPLADS-2022-TN-0020,MGNREGA_MPLADS-2022-TN-0020,MGNREGA,0.907,location|description|amount|timeline,0.88,1.0,0.7,278.4,⚠️ Potential duplicate funding: MPLADS work MPLADS-2022-TN-0020 matches MGNREGA work MGNREGA_MPLADS-2022-TN-0020 with 91% similarity. Physical distance: 278m. Description similarity: 100%. Same physical asset may be funded under multiple schemes.
MPLADS-2023-AP-0011,MGNREGA_MPLADS-2023-AP-0011,MGNREGA,0.92,location|description|amount|timeline,0.913,1.0,0.7,214.7,⚠️ Potential duplicate funding: MPLADS work MPLADS-2023-AP-0011 matches MGNREGA work MGNREGA_MPLADS-2023-AP-0011 with 92% similarity. Physical distance: 215m. Description similarity: 100%. Same physical asset may be funded under multiple schemes.
MPLADS-2023-BR-0022,MGNREGA_MPLADS-2023-BR-0022,MGNREGA,0.926,location|description|amount|timeline,0.926,1.0,0.7,189.9,⚠️ Potential duplicate funding: MPLADS work MPLADS-2023-BR-0022 matches MGNREGA work MGNREGA_MPLADS-2023-BR-0022 with 93% similarity. Physical distance: 190m. Description similarity: 100%. Same physical asset may be funded under multiple schemes.
MPLADS-2023-HR-0017,MGNREGA_MPLADS-2023-HR-0017,MGNREGA,0.974,location|description|amount|timeline,0.934,1.0,1.0,175.7,⚠️ Potential duplicate funding: MPLADS work MPLADS-2023-HR-0017 matches MGNREGA work MGNREGA_MPLADS-2023-HR-0017 with 97% similarity. Physical distance: 176m. Description similarity: 100%. Same physical asset may be funded under multiple schemes.
MPLADS-2022-GJ-0018,MGNREGA_MPLADS-2022-GJ-0018,MGNREGA,0.929,location|description|amount|timeline,0.935,1.0,0.7,173.3,⚠️ Potential duplicate funding: MPLADS work MPLADS-2022-GJ-0018 matches MGNREGA work MGNREGA_MPLADS-2022-GJ-0018 with 93% similarity. Physical distance: 173m. Description similarity: 100%. Same physical asset may be funded under multiple schemes.
MPLADS-2019-AP-0012,MGNREGA_MPLADS-2019-AP-0012,MGNREGA,0.971,location|description|amount|timeline,0.927,1.0,1.0,189.3,⚠️ Potential duplicate funding: MPLADS work MPLADS-2019-AP-0012 matches MGNREGA work MGNREGA_MPLADS-2019-AP-0012 with 97% similarity. Physical distance: 189m. Description similarity: 100%. Same physical asset may be funded under multiple schemes.
MPLADS-2022-PB-0018,MGNREGA_MPLADS-2022-PB-0018,MGNREGA,0.977,location|description|amount|timeline,0.943,1.0,1.0,158.0,⚠️ Potential duplicate funding: MPLADS work MPLADS-2022-PB-0018 matches MGNREGA work MGNREGA_MPLADS-2022-PB-0018 with 98% similarity. Physical distance: 158m. Description similarity: 100%. Same physical asset may be funded under multiple schemes.
MPLADS-2019-HR-0020,MGNREGA_MPLADS-2019-HR-0020,MGNREGA,0.956,location|description|amount|timeline,0.89,1.0,1.0,259.5,⚠️ Potential duplicate funding: MPLADS work MPLADS-2019-HR-0020 matches MGNREGA work MGNREGA_MPLADS-2019-HR-0020 with 96% similarity. Physical distance: 259m. Description similarity: 100%. Same physical asset may be funded under multiple schemes.
MPLADS-2022-BR-0023,MGNREGA_MPLADS-2022-BR-0023,MGNREGA,0.97,location|description|amount|timeline,0.924,1.0,1.0,193.5,⚠️ Potential duplicate funding: MPLADS work MPLADS-2022-BR-0023 matches MGNREGA work MGNREGA_MPLADS-2022-BR-0023 with 97% similarity. Physical distance: 194m. Description similarity: 100%. Same physical asset may be funded under multiple schemes.
MPLADS-2021-HR-0021,MGNREGA_MPLADS-2021-HR-0021,MGNREGA,0.988,location|description|amount|timeline,0.971,1.0,1.0,105.0,⚠️ Potential duplicate funding: MPLADS work MPLADS-2021-HR-0021 matches MGNREGA work MGNREGA_MPLADS-2021-HR-0021 with 99% similarity. Physical distance: 105m. Description similarity: 100%. Same physical asset may be funded under multiple schemes.
MPLADS-2022-HR-0022,MGNREGA_MPLADS-2022-HR-0022,MGNREGA,0.927,location|description|amount|timeline,0.93,1.0,0.7,183.4,⚠️ Potential duplicate funding: MPLADS work MPLADS-2022-HR-0022 matches MGNREGA work MGNREGA_MPLADS-2022-HR-0022 with 93% similarity. Physical distance: 183m. Description similarity: 100%. Same physical asset may be funded under multiple schemes.
MPLADS-2022-UP-0011,MGNREGA_MPLADS-2022-UP-0011,MGNREGA,0.972,location|description|amount|timeline,0.93,1.0,1.0,183.9,⚠️ Potential duplicate funding: MPLADS work MPLADS-2022-UP-0011 matches MGNREGA work MGNREGA_MPLADS-2022-UP-0011 with 97% similarity. Physical distance: 184m. Description similarity: 100%. Same physical asset may be funded under multiple schemes.
MPLADS-2023-DL-0014,MGNREGA_MPLADS-2023-DL-0014,MGNREGA,0.98,location|description|amount|timeline,0.95,1.0,1.0,145.0,⚠️ Potential duplicate funding: MPLADS work MPLADS-2023-DL-0014 matches MGNREGA work MGNREGA_MPLADS-2023-DL-0014 with 98% similarity. Physical distance: 145m. Description similarity: 100%. Same physical asset may be funded under multiple schemes.
MPLADS-2023-MH-0014,MGNREGA_MPLADS-2023-MH-0014,MGNREGA,0.966,location|description|amount|timeline,0.916,1.0,1.0,209.5,⚠️ Potential duplicate funding: MPLADS work MPLADS-2023-MH-0014 matches MGNREGA work MGNREGA_MPLADS-2023-MH-0014 with 97% similarity. Physical distance: 209m. Description similarity: 100%. Same physical asset may be funded under multiple schemes.
MPLADS-2019-WB-0014,MGNREGA_MPLADS-2019-WB-0014,MGNREGA,0.974,location|description|amount|timeline,0.934,1.0,1.0,175.7,⚠️ Potential duplicate funding: MPLADS work MPLADS-2019-WB-0014 matches MGNREGA work MGNREGA_MPLADS-2019-WB-0014 with 97% similarity. Physical distance: 176m. Description similarity: 100%. Same physical asset may be funded under multiple schemes.
MPLADS-2019-AP-0014,MGNREGA_MPLADS-2019-AP-0014,MGNREGA,0.967,location|description|amount|timeline,0.917,1.0,1.0,206.9,⚠️ Potential duplicate funding: MPLADS work MPLADS-2019-AP-0014 matches MGNREGA work MGNREGA_MPLADS-2019-AP-0014 with 97% similarity. Physical distance: 207m. Description similarity: 100%. Same physical asset may be funded under multiple schemes.
MPLADS-2020-TS-0013,MGNREGA_MPLADS-2020-TS-0013,MGNREGA,0.944,location|description|amount|timeline,0.972,1.0,0.7,102.5,⚠️ Potential duplicate funding: MPLADS work MPLADS-2020-TS-0013 matches MGNREGA work MGNREGA_MPLADS-2020-TS-0013 with 94% similarity. Physical distance: 103m. Description similarity: 100%. Same physical asset may be funded under multiple schemes.
MPLADS-2023-WB-0015,MGNREGA_MPLADS-2023-WB-0015,MGNREGA,0.959,location|description|amount|timeline,0.898,1.0,1.0,244.1,⚠️ Potential duplicate funding: MPLADS work MPLADS-2023-WB-0015 matches MGNREGA work MGNREGA_MPLADS-2023-WB-0015 with 96% similarity. Physical distance: 244m. Description similarity: 100%. Same physical asset may be funded under multiple schemes.
MPLADS-2020-PB-0020,MGNREGA_MPLADS-2020-PB-0020,MGNREGA,0.976,location|description|amount|timeline,0.939,1.0,1.0,166.1,⚠️ Potential duplicate funding: MPLADS work MPLADS-2020-PB-0020 matches MGNREGA work MGNREGA_MPLADS-2020-PB-0020 with 98% similarity. Physical distance: 166m. Description similarity: 100%. Same physical asset may be funded under multiple schemes.
MPLADS-2019-UP-0012,MGNREGA_MPLADS-2019-UP-0012,MGNREGA,0.937,location|description|amount|timeline,0.955,1.0,0.7,135.7,⚠️ Potential duplicate funding: MPLADS work MPLADS-2019-UP-0012 matches MGNREGA work MGNREGA_MPLADS-2019-UP-0012 with 94% similarity. Physical distance: 136m. Description similarity: 100%. Same physical asset may be funded under multiple schemes.
MPLADS-2021-TN-0027,MGNREGA_MPLADS-2021-TN-0027,MGNREGA,0.968,location|description|amount|timeline,0.921,1.0,1.0,199.9,⚠️ Potential duplicate funding: MPLADS work MPLADS-2021-TN-0027 matches MGNREGA work MGNREGA_MPLADS-2021-TN-0027 with 97% similarity. Physical distance: 200m. Description similarity: 100%. Same physical asset may be funded under multiple schemes.
MPLADS-2022-RJ-0021,MGNREGA_MPLADS-2022-RJ-0021,MGNREGA,0.942,location|description|amount|timeline,0.968,1.0,0.7,110.0,⚠️ Potential duplicate funding: MPLADS work MPLADS-2022-RJ-0021 matches MGNREGA work MGNREGA_MPLADS-2022-RJ-0021 with 94% similarity. Physical distance: 110m. Description similarity: 100%. Same physical asset may be funded under multiple schemes.
MPLADS-2019-AP-0015,MGNREGA_MPLADS-2019-AP-0015,MGNREGA,0.95,location|description|amount|timeline,0.987,1.0,0.7,75.4,⚠️ Potential duplicate funding: MPLADS work MPLADS-2019-AP-0015 matches MGNREGA work MGNREGA_MPLADS-2019-AP-0015 with 95% similarity. Physical distance: 75m. Description similarity: 100%. Same physical asset may be funded under multiple schemes.
MPLADS-2020-MH-0016,MGNREGA_MPLADS-2020-MH-0016,MGNREGA,0.943,location|description|amount|timeline,0.971,1.0,0.7,105.0,⚠️ Potential duplicate funding: MPLADS work MPLADS-2020-MH-0016 matches MGNREGA work MGNREGA_MPLADS-2020-MH-0016 with 94% similarity. Physical distance: 105m. Description similarity: 100%. Same physical asset may be funded under multiple schemes.
MPLADS-2019-AP-0016,MGNREGA_MPLADS-2019-AP-0016,MGNREGA,0.905,location|description|amount|timeline,0.875,1.0,0.7,288.1,⚠️ Potential duplicate funding: MPLADS work MPLADS-2019-AP-0016 matches MGNREGA work MGNREGA_MPLADS-2019-AP-0016 with 90% similarity. Physical distance: 288m. Description similarity: 100%. Same physical asset may be funded under multiple schemes.
MPLADS-2019-HR-0023,MGNREGA_MPLADS-2019-HR-0023,MGNREGA,0.946,location|description|amount|timeline,0.977,1.0,0.7,94.2,⚠️ Potential duplicate funding: MPLADS work MPLADS-2019-HR-0023 matches MGNREGA work MGNREGA_MPLADS-2019-HR-0023 with 95% similarity. Physical distance: 94m. Description similarity: 100%. Same physical asset may be funded under multiple schemes.
MPLADS-2020-KA-0016,MGNREGA_MPLADS-2020-KA-0016,MGNREGA,0.971,location|description|amount|timeline,0.928,1.0,1.0,187.3,⚠️ Potential duplicate funding: MPLADS work MPLADS-2020-KA-0016 matches MGNREGA work MGNREGA_MPLADS-2020-KA-0016 with 97% similarity. Physical distance: 187m. Description similarity: 100%. Same physical asset may be funded under multiple schemes.
MPLADS-2021-KA-0017,MGNREGA_MPLADS-2021-KA-0017,MGNREGA,0.986,location|description|amount|timeline,0.964,1.0,1.0,118.0,⚠️ Potential duplicate funding: MPLADS work MPLADS-2021-KA-0017 matches MGNREGA work MGNREGA_MPLADS-2021-KA-0017 with 99% similarity. Physical distance: 118m. Description similarity: 100%. Same physical asset may be funded under multiple schemes.
MPLADS-2022-BR-0026,MGNREGA_MPLADS-2022-BR-0026,MGNREGA,0.963,location|description|amount|timeline,0.909,1.0,1.0,223.7,⚠️ Potential duplicate funding: MPLADS work MPLADS-2022-BR-0026 matches MGNREGA work MGNREGA_MPLADS-2022-BR-0026 with 96% similarity. Physical distance: 224m. Description similarity: 100%. Same physical asset may be funded under multiple schemes.
MPLADS-2022-TN-0030,MGNREGA_MPLADS-2022-TN-0030,MGNREGA,0.953,location|description|amount|timeline,0.994,1.0,0.7,60.9,⚠️ Potential duplicate funding: MPLADS work MPLADS-2022-TN-0030 matches MGNREGA work MGNREGA_MPLADS-2022-TN-0030 with 95% similarity. Physical distance: 61m. Description similarity: 100%. Same physical asset may be funded under multiple schemes.
MPLADS-2019-PB-0021,MGNREGA_MPLADS-2019-PB-0021,MGNREGA,0.941,location|description|amount|timeline,0.964,1.0,0.7,117.5,⚠️ Potential duplicate funding: MPLADS work MPLADS-2019-PB-0021 matches MGNREGA work MGNREGA_MPLADS-2019-PB-0021 with 94% similarity. Physical distance: 117m. Description similarity: 100%. Same physical asset may be funded under multiple schemes.
MPLADS-2021-GJ-0020,MGNREGA_MPLADS-2021-GJ-0020,MGNREGA,0.912,location|description|amount|timeline,0.893,1.0,0.7,252.8,⚠️ Potential duplicate funding: MPLADS work MPLADS-2021-GJ-0020 matches MGNREGA work MGNREGA_MPLADS-2021-GJ-0020 with 91% similarity. Physical distance: 253m. Description similarity: 100%. Same physical asset may be funded under multiple schemes.
MPLADS-2021-PB-0022,MGNREGA_MPLADS-2021-PB-0022,MGNREGA,0.973,location|description|amount|timeline,0.934,1.0,1.0,176.2,⚠️ Potential duplicate funding: MPLADS work MPLADS-2021-PB-0022 matches MGNREGA work MGNREGA_MPLADS-2021-PB-0022 with 97% similarity. Physical distance: 176m. Description similarity: 100%. Same physical asset may be funded under multiple schemes.
MPLADS-2021-OR-0017,MGNREGA_MPLADS-2021-OR-0017,MGNREGA,0.973,location|description|amount|timeline,0.932,1.0,1.0,178.9,⚠️ Potential duplicate funding: MPLADS work MPLADS-2021-OR-0017 matches MGNREGA work MGNREGA_MPLADS-2021-OR-0017 with 97% similarity. Physical distance: 179m. Description similarity: 100%. Same physical asset may be funded under multiple schemes.
MPLADS-2022-OR-0018,MGNREGA_MPLADS-2022-OR-0018,MGNREGA,0.979,location|description|amount|timeline,0.948,1.0,1.0,147.9,⚠️ Potential duplicate funding: MPLADS work MPLADS-2022-OR-0018 matches MGNREGA work MGNREGA_MPLADS-2022-OR-0018 with 98% similarity. Physical distance: 148m. Description similarity: 100%. Same physical asset may be funded under multiple schemes.
MPLADS-2020-TN-0031,MGNREGA_MPLADS-2020-TN-0031,MGNREGA,0.949,location|description|amount|timeline,0.985,1.0,0.7,78.0,⚠️ Potential duplicate funding: MPLADS work MPLADS-2020-TN-0031 matches MGNREGA work MGNREGA_MPLADS-2020-TN-0031 with 95% similarity. Physical distance: 78m. Description similarity: 100%. Same physical asset may be funded under multiple schemes.
MPLADS-2020-OR-0019,MGNREGA_MPLADS-2020-OR-0019,MGNREGA,0.994,location|description|amount|timeline,0.986,1.0,1.0,76.6,⚠️ Potential duplicate funding: MPLADS work MPLADS-2020-OR-0019 matches MGNREGA work MGNREGA_MPLADS-2020-OR-0019 with 99% similarity. Physical distance: 77m. Description similarity: 100%. Same physical asset may be funded under multiple schemes.
MPLADS-2020-OR-0020,MGNREGA_MPLADS-2020-OR-0020,MGNREGA,0.929,location|description|amount|timeline,0.936,1.0,0.7,171.5,⚠️ Potential duplicate funding: MPLADS work MPLADS-2020-OR-0020 matches MGNREGA work MGNREGA_MPLADS-2020-OR-0020 with 93% similarity. Physical distance: 171m. Description similarity: 100%. Same physical asset may be funded under multiple schemes.
MPLADS-2020-MP-0016,MGNREGA_MPLADS-2020-MP-0016,MGNREGA,0.923,location|description|amount|timeline,0.921,1.0,0.7,199.7,⚠️ Potential duplicate funding: MPLADS work MPLADS-2020-MP-0016 matches MGNREGA work MGNREGA_MPLADS-2020-MP-0016 with 92% similarity. Physical distance: 200m. Description similarity: 100%. Same physical asset may be funded under multiple schemes.
MPLADS-2020-DL-0018,MGNREGA_MPLADS-2020-DL-0018,MGNREGA,0.973,location|description|amount|timeline,0.934,1.0,1.0,175.9,⚠️ Potential duplicate funding: MPLADS work MPLADS-2020-DL-0018 matches MGNREGA work MGNREGA_MPLADS-2020-DL-0018 with 97% similarity. Physical distance: 176m. Description similarity: 100%. Same physical asset may be funded under multiple schemes.
MPLADS-2021-HR-0024,MGNREGA_MPLADS-2021-HR-0024,MGNREGA,0.995,location|description|amount|timeline,0.987,1.0,1.0,74.6,⚠️ Potential duplicate funding: MPLADS work MPLADS-2021-HR-0024 matches MGNREGA work MGNREGA_MPLADS-2021-HR-0024 with 99% similarity. Physical distance: 75m. Description similarity: 100%. Same physical asset may be funded under multiple schemes.
MPLADS-2019-RJ-0023,MGNREGA_MPLADS-2019-RJ-0023,MGNREGA,0.973,location|description|amount|timeline,0.933,1.0,1.0,177.3,⚠️ Potential duplicate funding: MPLADS work MPLADS-2019-RJ-0023 matches MGNREGA work MGNREGA_MPLADS-2019-RJ-0023 with 97% similarity. Physical distance: 177m. Description similarity: 100%. Same physical asset may be funded under multiple schemes.
MPLADS-2019-HR-0025,MGNREGA_MPLADS-2019-HR-0025,MGNREGA,0.911,location|description|amount|timeline,0.89,1.0,0.7,258.1,⚠️ Potential duplicate funding: MPLADS work MPLADS-2019-HR-0025 matches MGNREGA work MGNREGA_MPLADS-2019-HR-0025 with 91% similarity. Physical distance: 258m. Description similarity: 100%. Same physical asset may be funded under multiple schemes.
MPLADS-2020-HR-0026,MGNREGA_MPLADS-2020-HR-0026,MGNREGA,0.914,location|description|amount|timeline,0.897,1.0,0.7,246.0,⚠️ Potential duplicate funding: MPLADS work MPLADS-2020-HR-0026 matches MGNREGA work MGNREGA_MPLADS-2020-HR-0026 with 91% similarity. Physical distance: 246m. Description similarity: 100%. Same physical asset may be funded under multiple schemes.
MPLADS-2022-MP-0017,MGNREGA_MPLADS-2022-MP-0017,MGNREGA,0.925,location|description|amount|timeline,0.924,1.0,0.7,194.6,⚠️ Potential duplicate funding: MPLADS work MPLADS-2022-MP-0017 matches MGNREGA work MGNREGA_MPLADS-2022-MP-0017 with 92% similarity. Physical distance: 195m. Description similarity: 100%. Same physical asset may be funded under multiple schemes.
MPLADS-2022-UP-0013,MGNREGA_MPLADS-2022-UP-0013,MGNREGA,0.933,location|description|amount|timeline,0.944,1.0,0.7,156.5,⚠️ Potential duplicate funding: MPLADS work MPLADS-2022-UP-0013 matches MGNREGA work MGNREGA_MPLADS-2022-UP-0013 with 93% similarity. Physical distance: 157m. Description similarity: 100%. Same physical asset may be funded under multiple schemes.
MPLADS-2021-BR-0032,MGNREGA_MPLADS-2021-BR-0032,MGNREGA,0.931,location|description|amount|timeline,0.94,1.0,0.7,164.9,⚠️ Potential duplicate funding: MPLADS work MPLADS-2021-BR-0032 matches MGNREGA work MGNREGA_MPLADS-2021-BR-0032 with 93% similarity. Physical distance: 165m. Description similarity: 100%. Same physical asset may be funded under multiple schemes.
MPLADS-2019-RJ-0025,MGNREGA_MPLADS-2019-RJ-0025,MGNREGA,0.944,location|description|amount|timeline,0.973,1.0,0.7,101.3,⚠️ Potential duplicate funding: MPLADS work MPLADS-2019-RJ-0025 matches MGNREGA work MGNREGA_MPLADS-2019-RJ-0025 with 94% similarity. Physical distance: 101m. Description similarity: 100%. Same physical asset may be funded under multiple schemes.
MPLADS-2022-RJ-0027,MGNREGA_MPLADS-2022-RJ-0027,MGNREGA,0.977,location|description|amount|timeline,0.943,1.0,1.0,158.5,⚠️ Potential duplicate funding: MPLADS work MPLADS-2022-RJ-0027 matches MGNREGA work MGNREGA_MPLADS-2022-RJ-0027 with 98% similarity. Physical distance: 159m. Description similarity: 100%. Same physical asset may be funded under multiple schemes.
MPLADS-2022-MH-0021,MGNREGA_MPLADS-2022-MH-0021,MGNREGA,0.928,location|description|amount|timeline,0.933,1.0,0.7,177.7,⚠️ Potential duplicate funding: MPLADS work MPLADS-2022-MH-0021 matches MGNREGA work MGNREGA_MPLADS-2022-MH-0021 with 93% similarity. Physical distance: 178m. Description similarity: 100%. Same physical asset may be funded under multiple schemes.
MPLADS-2023-TN-0032,MGNREGA_MPLADS-2023-TN-0032,MGNREGA,0.964,location|description|amount|timeline,0.91,1.0,1.0,221.5,⚠️ Potential duplicate funding: MPLADS work MPLADS-2023-TN-0032 matches MGNREGA work MGNREGA_MPLADS-2023-TN-0032 with 96% similarity. Physical distance: 222m. Description similarity: 100%. Same physical asset may be funded under multiple schemes.
MPLADS-2020-WB-0018,MGNREGA_MPLADS-2020-WB-0018,MGNREGA,0.936,location|description|amount|timeline,0.953,1.0,0.7,139.2,⚠️ Potential duplicate funding: MPLADS work MPLADS-2020-WB-0018 matches MGNREGA work MGNREGA_MPLADS-2020-WB-0018 with 94% similarity. Physical distance: 139m. Description similarity: 100%. Same physical asset may be funded under multiple schemes.
MPLADS-2021-RJ-0028,MGNREGA_MPLADS-2021-RJ-0028,MGNREGA,0.976,location|description|amount|timeline,0.941,1.0,1.0,161.9,⚠️ Potential duplicate funding: MPLADS work MPLADS-2021-RJ-0028 matches MGNREGA work MGNREGA_MPLADS-2021-RJ-0028 with 98% similarity. Physical distance: 162m. Description similarity: 100%. Same physical asset may be funded under multiple schemes.
MPLADS-2021-DL-0022,MGNREGA_MPLADS-2021-DL-0022,MGNREGA,0.925,location|description|amount|timeline,0.925,1.0,0.7,191.9,⚠️ Potential duplicate funding: MPLADS work MPLADS-2021-DL-0022 matches MGNREGA work MGNREGA_MPLADS-2021-DL-0022 with 93% similarity. Physical distance: 192m. Description similarity: 100%. Same physical asset may be funded under multiple schemes.
MPLADS-2021-TN-0034,MGNREGA_MPLADS-2021-TN-0034,MGNREGA,0.98,location|description|amount|timeline,0.951,1.0,1.0,142.7,⚠️ Potential duplicate funding: MPLADS work MPLADS-2021-TN-0034 matches MGNREGA work MGNREGA_MPLADS-2021-TN-0034 with 98% similarity. Physical distance: 143m. Description similarity: 100%. Same physical asset may be funded under multiple schemes.
MPLADS-2020-TS-0018,MGNREGA_MPLADS-2020-TS-0018,MGNREGA,0.927,location|description|amount|timeline,0.931,1.0,0.7,182.0,⚠️ Potential duplicate funding: MPLADS work MPLADS-2020-TS-0018 matches MGNREGA work MGNREGA_MPLADS-2020-TS-0018 with 93% similarity. Physical distance: 182m. Description similarity: 100%. Same physical asset may be funded under multiple schemes.
MPLADS-2021-RJ-0029,MGNREGA_MPLADS-2021-RJ-0029,MGNREGA,0.959,location|description|amount|timeline,0.899,1.0,1.0,242.5,⚠️ Potential duplicate funding: MPLADS work MPLADS-2021-RJ-0029 matches MGNREGA work MGNREGA_MPLADS-2021-RJ-0029 with 96% similarity. Physical distance: 242m. Description similarity: 100%. Same physical asset may be funded under multiple schemes.
MPLADS-2022-HR-0028,MGNREGA_MPLADS-2022-HR-0028,MGNREGA,0.954,location|description|amount|timeline,0.886,1.0,1.0,266.7,⚠️ Potential duplicate funding: MPLADS work MPLADS-2022-HR-0028 matches MGNREGA work MGNREGA_MPLADS-2022-HR-0028 with 95% similarity. Physical distance: 267m. Description similarity: 100%. Same physical asset may be funded under multiple schemes.
MPLADS-2022-HR-0030,MGNREGA_MPLADS-2022-HR-0030,MGNREGA,0.997,location|description|amount|timeline,0.994,1.0,1.0,62.0,⚠️ Potential duplicate funding: MPLADS work MPLADS-2022-HR-0030 matches MGNREGA work MGNREGA_MPLADS-2022-HR-0030 with 100% similarity. Physical distance: 62m. Description similarity: 100%. Same physical asset may be funded under multiple schemes.
MPLADS-2019-RJ-0030,MGNREGA_MPLADS-2019-RJ-0030,MGNREGA,0.989,location|description|amount|timeline,0.972,1.0,1.0,102.7,⚠️ Potential duplicate funding: MPLADS work MPLADS-2019-RJ-0030 matches MGNREGA work MGNREGA_MPLADS-2019-RJ-0030 with 99% similarity. Physical distance: 103m. Description similarity: 100%. Same physical asset may be funded under multiple schemes.
MPLADS-2020-AP-0018,MGNREGA_MPLADS-2020-AP-0018,MGNREGA,0.928,location|description|amount|timeline,0.932,1.0,0.7,179.9,⚠️ Potential duplicate funding: MPLADS work MPLADS-2020-AP-0018 matches MGNREGA work MGNREGA_MPLADS-2020-AP-0018 with 93% similarity. Physical distance: 180m. Description similarity: 100%. Same physical asset may be funded under multiple schemes.
MPLADS-2019-PB-0026,MGNREGA_MPLADS-2019-PB-0026,MGNREGA,0.975,location|description|amount|timeline,0.937,1.0,1.0,168.8,⚠️ Potential duplicate funding: MPLADS work MPLADS-2019-PB-0026 matches MGNREGA work MGNREGA_MPLADS-2019-PB-0026 with 97% similarity. Physical distance: 169m. Description similarity: 100%. Same physical asset may be funded under multiple schemes.
MPLADS-2021-PB-0027,MGNREGA_MPLADS-2021-PB-0027,MGNREGA,0.979,location|description|amount|timeline,0.947,1.0,1.0,150.2,⚠️ Potential duplicate funding: MPLADS work MPLADS-2021-PB-0027 matches MGNREGA work MGNREGA_MPLADS-2021-PB-0027 with 98% similarity. Physical distance: 150m. Description similarity: 100%. Same physical asset may be funded under multiple schemes.
MPLADS-2023-TS-0021,MGNREGA_MPLADS-2023-TS-0021,MGNREGA,0.963,location|description|amount|timeline,0.906,1.0,1.0,228.1,⚠️ Potential duplicate funding: MPLADS work MPLADS-2023-TS-0021 matches MGNREGA work MGNREGA_MPLADS-2023-TS-0021 with 96% similarity. Physical distance: 228m. Description similarity: 100%. Same physical asset may be funded under multiple schemes.
MPLADS-2020-KA-0020,MGNREGA_MPLADS-2020-KA-0020,MGNREGA,0.927,location|description|amount|timeline,0.931,1.0,0.7,180.7,⚠️ Potential duplicate funding: MPLADS work MPLADS-2020-KA-0020 matches MGNREGA work MGNREGA_MPLADS-2020-KA-0020 with 93% similarity. Physical distance: 181m. Description similarity: 100%. Same physical asset may be funded under multiple schemes.
MPLADS-2021-AP-0019,MGNREGA_MPLADS-2021-AP-0019,MGNREGA,0.922,location|description|amount|timeline,0.919,1.0,0.7,204.4,⚠️ Potential duplicate funding: MPLADS work MPLADS-2021-AP-0019 matches MGNREGA work MGNREGA_MPLADS-2021-AP-0019 with 92% similarity. Physical distance: 204m. Description similarity: 100%. Same physical asset may be funded under multiple schemes.
MPLADS-2020-HR-0031,MGNREGA_MPLADS-2020-HR-0031,MGNREGA,0.926,location|description|amount|timeline,0.928,1.0,0.7,187.1,⚠️ Potential duplicate funding: MPLADS work MPLADS-2020-HR-0031 matches MGNREGA work MGNREGA_MPLADS-2020-HR-0031 with 93% similarity. Physical distance: 187m. Description similarity: 100%. Same physical asset may be funded under multiple schemes.
MPLADS-2023-DL-0024,MGNREGA_MPLADS-2023-DL-0024,MGNREGA,0.964,location|description|amount|timeline,0.91,1.0,1.0,221.9,⚠️ Potential duplicate funding: MPLADS work MPLADS-2023-DL-0024 matches MGNREGA work MGNREGA_MPLADS-2023-DL-0024 with 96% similarity. Physical distance: 222m. Description similarity: 100%. Same physical asset may be funded under multiple schemes.
MPLADS-2021-KA-0021,MGNREGA_MPLADS-2021-KA-0021,MGNREGA,0.916,location|description|amount|timeline,0.902,1.0,0.7,235.4,⚠️ Potential duplicate funding: MPLADS work MPLADS-2021-KA-0021 matches MGNREGA work MGNREGA_MPLADS-2021-KA-0021 with 92% similarity. Physical distance: 235m. Description similarity: 100%. Same physical asset may be funded under multiple schemes.
MPLADS-2022-MH-0024,MGNREGA_MPLADS-2022-MH-0024,MGNREGA,0.939,location|description|amount|timeline,0.961,1.0,0.7,124.1,⚠️ Potential duplicate funding: MPLADS work MPLADS-2022-MH-0024 matches MGNREGA work MGNREGA_MPLADS-2022-MH-0024 with 94% similarity. Physical distance: 124m. Description similarity: 100%. Same physical asset may be funded under multiple schemes.
MPLADS-2020-MP-0020,MGNREGA_MPLADS-2020-MP-0020,MGNREGA,0.984,location|description|amount|timeline,0.96,1.0,1.0,125.5,⚠️ Potential duplicate funding: MPLADS work MPLADS-2020-MP-0020 matches MGNREGA work MGNREGA_MPLADS-2020-MP-0020 with 98% similarity. Physical distance: 126m. Description similarity: 100%. Same physical asset may be funded under multiple schemes.
MPLADS-2021-DL-0025,MGNREGA_MPLADS-2021-DL-0025,MGNREGA,0.961,location|description|amount|timeline,0.902,1.0,1.0,235.9,⚠️ Potential duplicate funding: MPLADS work MPLADS-2021-DL-0025 matches MGNREGA work MGNREGA_MPLADS-2021-DL-0025 with 96% similarity. Physical distance: 236m. Description similarity: 100%. Same physical asset may be funded under multiple schemes.
MPLADS-2020-DL-0026,MGNREGA_MPLADS-2020-DL-0026,MGNREGA,0.92,location|description|amount|timeline,0.912,1.0,0.7,217.7,⚠️ Potential duplicate funding: MPLADS work MPLADS-2020-DL-0026 matches MGNREGA work MGNREGA_MPLADS-2020-DL-0026 with 92% similarity. Physical distance: 218m. Description similarity: 100%. Same physical asset may be funded under multiple schemes.
MPLADS-2021-OR-0025,MGNREGA_MPLADS-2021-OR-0025,MGNREGA,0.962,location|description|amount|timeline,0.904,1.0,1.0,232.7,⚠️ Potential duplicate funding: MPLADS work MPLADS-2021-OR-0025 matches MGNREGA work MGNREGA_MPLADS-2021-OR-0025 with 96% similarity. Physical distance: 233m. Description similarity: 100%. Same physical asset may be funded under multiple schemes.
MPLADS-2019-PB-0030,MGNREGA_MPLADS-2019-PB-0030,MGNREGA,0.942,location|description|amount|timeline,0.966,1.0,0.7,113.9,⚠️ Potential duplicate funding: MPLADS work MPLADS-2019-PB-0030 matches MGNREGA work MGNREGA_MPLADS-2019-PB-0030 with 94% similarity. Physical distance: 114m. Description similarity: 100%. Same physical asset may be funded under multiple schemes.
MPLADS-2021-RJ-0032,MGNREGA_MPLADS-2021-RJ-0032,MGNREGA,0.944,location|description|amount|timeline,0.973,1.0,0.7,101.6,⚠️ Potential duplicate funding: MPLADS work MPLADS-2021-RJ-0032 matches MGNREGA work MGNREGA_MPLADS-2021-RJ-0032 with 94% similarity. Physical distance: 102m. Description similarity: 100%. Same physical asset may be funded under multiple schemes.
MPLADS-2020-KA-0023,MGNREGA_MPLADS-2020-KA-0023,MGNREGA,0.916,location|description|amount|timeline,0.902,1.0,0.7,235.9,⚠️ Potential duplicate funding: MPLADS work MPLADS-2020-KA-0023 matches MGNREGA work MGNREGA_MPLADS-2020-KA-0023 with 92% similarity. Physical distance: 236m. Description similarity: 100%. Same physical asset may be funded under multiple schemes.
MPLADS-2023-UP-0016,MGNREGA_MPLADS-2023-UP-0016,MGNREGA,0.907,location|description|amount|timeline,0.881,1.0,0.7,276.3,⚠️ Potential duplicate funding: MPLADS work MPLADS-2023-UP-0016 matches MGNREGA work MGNREGA_MPLADS-2023-UP-0016 with 91% similarity. Physical distance: 276m. Description similarity: 100%. Same physical asset may be funded under multiple schemes.
MPLADS-2023-OR-0026,MGNREGA_MPLADS-2023-OR-0026,MGNREGA,0.922,location|description|amount|timeline,0.919,1.0,0.7,204.5,⚠️ Potential duplicate funding: MPLADS work MPLADS-2023-OR-0026 matches MGNREGA work MGNREGA_MPLADS-2023-OR-0026 with 92% similarity. Physical distance: 204m. Description similarity: 100%. Same physical asset may be funded under multiple schemes.
MPLADS-2020-KA-0024,MGNREGA_MPLADS-2020-KA-0024,MGNREGA,0.967,location|description|amount|timeline,0.918,1.0,1.0,204.9,⚠️ Potential duplicate funding: MPLADS work MPLADS-2020-KA-0024 matches MGNREGA work MGNREGA_MPLADS-2020-KA-0024 with 97% similarity. Physical distance: 205m. Description similarity: 100%. Same physical asset may be funded under multiple schemes.
MPLADS-2019-TS-0023,MGNREGA_MPLADS-2019-TS-0023,MGNREGA,0.989,location|description|amount|timeline,0.973,1.0,1.0,101.3,⚠️ Potential duplicate funding: MPLADS work MPLADS-2019-TS-0023 matches MGNREGA work MGNREGA_MPLADS-2019-TS-0023 with 99% similarity. Physical distance: 101m. Description similarity: 100%. Same physical asset may be funded under multiple schemes.
MPLADS-2020-RJ-0033,MGNREGA_MPLADS-2020-RJ-0033,MGNREGA,0.952,location|description|amount|timeline,0.992,1.0,0.7,65.8,⚠️ Potential duplicate funding: MPLADS work MPLADS-2020-RJ-0033 matches MGNREGA work MGNREGA_MPLADS-2020-RJ-0033 with 95% similarity. Physical distance: 66m. Description similarity: 100%. Same physical asset may be funded under multiple schemes.
MPLADS-2021-TN-0036,MGNREGA_MPLADS-2021-TN-0036,MGNREGA,0.918,location|description|amount|timeline,0.909,1.0,0.7,223.6,⚠️ Potential duplicate funding: MPLADS work MPLADS-2021-TN-0036 matches MGNREGA work MGNREGA_MPLADS-2021-TN-0036 with 92% similarity. Physical distance: 224m. Description similarity: 100%. Same physical asset may be funded under multiple schemes.
MPLADS-2022-UP-0017,MGNREGA_MPLADS-2022-UP-0017,MGNREGA,0.974,location|description|amount|timeline,0.934,1.0,1.0,174.5,⚠️ Potential duplicate funding: MPLADS work MPLADS-2022-UP-0017 matches MGNREGA work MGNREGA_MPLADS-2022-UP-0017 with 97% similarity. Physical distance: 174m. Description similarity: 100%. Same physical asset may be funded under multiple schemes.
MPLADS-2020-GJ-0023,MGNREGA_MPLADS-2020-GJ-0023,MGNREGA,0.977,location|description|amount|timeline,0.941,1.0,1.0,161.4,⚠️ Potential duplicate funding: MPLADS work MPLADS-2020-GJ-0023 matches MGNREGA work MGNREGA_MPLADS-2020-GJ-0023 with 98% similarity. Physical distance: 161m. Description similarity: 100%. Same physical asset may be funded under multiple schemes.
MPLADS-2021-TN-0037,MGNREGA_MPLADS-2021-TN-0037,MGNREGA,0.95,location|description|amount|timeline,0.987,1.0,0.7,74.8,⚠️ Potential duplicate funding: MPLADS work MPLADS-2021-TN-0037 matches MGNREGA work MGNREGA_MPLADS-2021-TN-0037 with 95% similarity. Physical distance: 75m. Description similarity: 100%. Same physical asset may be funded under multiple schemes.
MPLADS-2023-HR-0034,MGNREGA_MPLADS-2023-HR-0034,MGNREGA,0.951,location|description|amount|timeline,0.877,1.0,1.0,283.5,⚠️ Potential duplicate funding: MPLADS work MPLADS-2023-HR-0034 matches MGNREGA work MGNREGA_MPLADS-2023-HR-0034 with 95% similarity. Physical distance: 284m. Description similarity: 100%. Same physical asset may be funded under multiple schemes.
MPLADS-2020-HR-0035,MGNREGA_MPLADS-2020-HR-0035,MGNREGA,0.95,location|description|amount|timeline,0.986,1.0,0.7,75.7,⚠️ Potential duplicate funding: MPLADS work MPLADS-2020-HR-0035 matches MGNREGA work MGNREGA_MPLADS-2020-HR-0035 with 95% similarity. Physical distance: 76m. Description similarity: 100%. Same physical asset may be funded under multiple schemes.
MPLADS-2023-MH-0025,MGNREGA_MPLADS-2023-MH-0025,MGNREGA,0.931,location|description|amount|timeline,0.94,1.0,0.7,163.3,⚠️ Potential duplicate funding: MPLADS work MPLADS-2023-MH-0025 matches MGNREGA work MGNREGA_MPLADS-2023-MH-0025 with 93% similarity. Physical distance: 163m. Description similarity: 100%. Same physical asset may be funded under multiple schemes.
MPLADS-2021-TN-0038,MGNREGA_MPLADS-2021-TN-0038,MGNREGA,0.959,location|description|amount|timeline,0.898,1.0,1.0,243.3,⚠️ Potential duplicate funding: MPLADS work MPLADS-2021-TN-0038 matches MGNREGA work MGNREGA_MPLADS-2021-TN-0038 with 96% similarity. Physical distance: 243m. Description similarity: 100%. Same physical asset may be funded under multiple schemes.
MPLADS-2020-KA-0027,MGNREGA_MPLADS-2020-KA-0027,MGNREGA,0.953,location|description|amount|timeline,0.994,1.0,0.7,61.5,⚠️ Potential duplicate funding: MPLADS work MPLADS-2020-KA-0027 matches MGNREGA work MGNREGA_MPLADS-2020-KA-0027 with 95% similarity. Physical distance: 62m. Description similarity: 100%. Same physical asset may be funded under multiple schemes.
MPLADS-2022-TN-0041,MGNREGA_MPLADS-2022-TN-0041,MGNREGA,0.912,location|description|amount|timeline,0.891,1.0,0.7,256.6,⚠️ Potential duplicate funding: MPLADS work MPLADS-2022-TN-0041 matches MGNREGA work MGNREGA_MPLADS-2022-TN-0041 with 91% similarity. Physical distance: 257m. Description similarity: 100%. Same physical asset may be funded under multiple schemes.
MPLADS-2022-GJ-0026,MGNREGA_MPLADS-2022-GJ-0026,MGNREGA,0.936,location|description|amount|timeline,0.954,1.0,0.7,138.3,⚠️ Potential duplicate funding: MPLADS work MPLADS-2022-GJ-0026 matches MGNREGA work MGNREGA_MPLADS-2022-GJ-0026 with 94% similarity. Physical distance: 138m. Description similarity: 100%. Same physical asset may be funded under multiple schemes.
MPLADS-2020-TN-0042,MGNREGA_MPLADS-2020-TN-0042,MGNREGA,0.977,location|description|amount|timeline,0.942,1.0,1.0,160.8,⚠️ Potential duplicate funding: MPLADS work MPLADS-2020-TN-0042 matches MGNREGA work MGNREGA_MPLADS-2020-TN-0042 with 98% similarity. Physical distance: 161m. Description similarity: 100%. Same physical asset may be funded under multiple schemes.
MPLADS-2019-OR-0028,MGNREGA_MPLADS-2019-OR-0028,MGNREGA,0.912,location|description|amount|timeline,0.893,1.0,0.7,253.1,⚠️ Potential duplicate funding: MPLADS work MPLADS-2019-OR-0028 matches MGNREGA work MGNREGA_MPLADS-2019-OR-0028 with 91% similarity. Physical distance: 253m. Description similarity: 100%. Same physical asset may be funded under multiple schemes.
MPLADS-2020-PB-0034,MGNREGA_MPLADS-2020-PB-0034,MGNREGA,1.0,location|description|amount|timeline,1.0,1.0,1.0,35.6,⚠️ Potential duplicate funding: MPLADS work MPLADS-2020-PB-0034 matches MGNREGA work MGNREGA_MPLADS-2020-PB-0034 with 100% similarity. Physical distance: 36m. Description similarity: 100%. Same physical asset may be funded under multiple schemes.
MPLADS-2021-RJ-0039,MGNREGA_MPLADS-2021-RJ-0039,MGNREGA,0.914,location|description|amount|timeline,0.897,1.0,0.7,246.3,⚠️ Potential duplicate funding: MPLADS work MPLADS-2021-RJ-0039 matches MGNREGA work MGNREGA_MPLADS-2021-RJ-0039 with 91% similarity. Physical distance: 246m. Description similarity: 100%. Same physical asset may be funded under multiple schemes.
MPLADS-2020-DL-0027,MGNREGA_MPLADS-2020-DL-0027,MGNREGA,0.948,location|description|amount|timeline,0.871,1.0,1.0,294.9,⚠️ Potential duplicate funding: MPLADS work MPLADS-2020-DL-0027 matches MGNREGA work MGNREGA_MPLADS-2020-DL-0027 with 95% similarity. Physical distance: 295m. Description similarity: 100%. Same physical asset may be funded under multiple schemes.
MPLADS-2023-TS-0025,MGNREGA_MPLADS-2023-TS-0025,MGNREGA,0.919,location|description|amount|timeline,0.909,1.0,0.7,222.3,⚠️ Potential duplicate funding: MPLADS work MPLADS-2023-TS-0025 matches MGNREGA work MGNREGA_MPLADS-2023-TS-0025 with 92% similarity. Physical distance: 222m. Description similarity: 100%. Same physical asset may be funded under multiple schemes.
MPLADS-2020-WB-0022,MGNREGA_MPLADS-2020-WB-0022,MGNREGA,0.941,location|description|amount|timeline,0.966,1.0,0.7,114.1,⚠️ Potential duplicate funding: MPLADS work MPLADS-2020-WB-0022 matches MGNREGA work MGNREGA_MPLADS-2020-WB-0022 with 94% similarity. Physical distance: 114m. Description similarity: 100%. Same physical asset may be funded under multiple schemes.
MPLADS-2022-DL-0028,MGNREGA_MPLADS-2022-DL-0028,MGNREGA,0.922,location|description|amount|timeline,0.918,1.0,0.7,206.2,⚠️ Potential duplicate funding: MPLADS work MPLADS-2022-DL-0028 matches MGNREGA work MGNREGA_MPLADS-2022-DL-0028 with 92% similarity. Physical distance: 206m. Description similarity: 100%. Same physical asset may be funded under multiple schemes.
MPLADS-2022-MH-0026,MGNREGA_MPLADS-2022-MH-0026,MGNREGA,0.991,location|description|amount|timeline,0.978,1.0,1.0,91.5,⚠️ Potential duplicate funding: MPLADS work MPLADS-2022-MH-0026 matches MGNREGA work MGNREGA_MPLADS-2022-MH-0026 with 99% similarity. Physical distance: 91m. Description similarity: 100%. Same physical asset may be funded under multiple schemes.
MPLADS-2020-WB-0023,MGNREGA_MPLADS-2020-WB-0023,MGNREGA,0.971,location|description|amount|timeline,0.929,1.0,1.0,185.6,⚠️ Potential duplicate funding: MPLADS work MPLADS-2020-WB-0023 matches MGNREGA work MGNREGA_MPLADS-2020-WB-0023 with 97% similarity. Physical distance: 186m. Description similarity: 100%. Same physical asset may be funded under multiple schemes.
MPLADS-2022-TS-0026,MGNREGA_MPLADS-2022-TS-0026,MGNREGA,0.94,location|description|amount|timeline,0.962,1.0,0.7,121.4,⚠️ Potential duplicate funding: MPLADS work MPLADS-2022-TS-0026 matches MGNREGA work MGNREGA_MPLADS-2022-TS-0026 with 94% similarity. Physical distance: 121m. Description similarity: 100%. Same physical asset may be funded under multiple schemes.
MPLADS-2020-RJ-0040,MGNREGA_MPLADS-2020-RJ-0040,MGNREGA,0.955,location|description|amount|timeline,1.0,1.0,0.7,33.2,⚠️ Potential duplicate funding: MPLADS work MPLADS-2020-RJ-0040 matches MGNREGA work MGNREGA_MPLADS-2020-RJ-0040 with 96% similarity. Physical distance: 33m. Description similarity: 100%. Same physical asset may be funded under multiple schemes.
MPLADS-2021-DL-0029,MGNREGA_MPLADS-2021-DL-0029,MGNREGA,0.934,location|description|amount|timeline,0.948,1.0,0.7,149.3,⚠️ Potential duplicate funding: MPLADS work MPLADS-2021-DL-0029 matches MGNREGA work MGNREGA_MPLADS-2021-DL-0029 with 93% similarity. Physical distance: 149m. Description similarity: 100%. Same physical asset may be funded under multiple schemes.
MPLADS-2019-HR-0038,MGNREGA_MPLADS-2019-HR-0038,MGNREGA,0.985,location|description|amount|timeline,0.962,1.0,1.0,122.8,⚠️ Potential duplicate funding: MPLADS work MPLADS-2019-HR-0038 matches MGNREGA work MGNREGA_MPLADS-2019-HR-0038 with 98% similarity. Physical distance: 123m. Description similarity: 100%. Same physical asset may be funded under multiple schemes.
MPLADS-2020-TN-0044,MGNREGA_MPLADS-2020-TN-0044,MGNREGA,0.923,location|description|amount|timeline,0.919,1.0,0.7,203.8,⚠️ Potential duplicate funding: MPLADS work MPLADS-2020-TN-0044 matches MGNREGA work MGNREGA_MPLADS-2020-TN-0044 with 92% similarity. Physical distance: 204m. Description similarity: 100%. Same physical asset may be funded under multiple schemes.
MPLADS-2022-GJ-0029,MGNREGA_MPLADS-2022-GJ-0029,MGNREGA,0.995,location|description|amount|timeline,0.986,1.0,1.0,76.0,⚠️ Potential duplicate funding: MPLADS work MPLADS-2022-GJ-0029 matches MGNREGA work MGNREGA_MPLADS-2022-GJ-0029 with 99% similarity. Physical distance: 76m. Description similarity: 100%. Same physical asset may be funded under multiple schemes.
MPLADS-2021-RJ-0041,MGNREGA_MPLADS-2021-RJ-0041,MGNREGA,0.976,location|description|amount|timeline,0.941,1.0,1.0,161.8,⚠️ Potential duplicate funding: MPLADS work MPLADS-2021-RJ-0041 matches MGNREGA work MGNREGA_MPLADS-2021-RJ-0041 with 98% similarity. Physical distance: 162m. Description similarity: 100%. Same physical asset may be funded under multiple schemes.
MPLADS-2019-DL-0031,MGNREGA_MPLADS-2019-DL-0031,MGNREGA,0.987,location|description|amount|timeline,0.968,1.0,1.0,110.9,⚠️ Potential duplicate funding: MPLADS work MPLADS-2019-DL-0031 matches MGNREGA work MGNREGA_MPLADS-2019-DL-0031 with 99% similarity. Physical distance: 111m. Description similarity: 100%. Same physical asset may be funded under multiple schemes.
MPLADS-2022-BR-0041,MGNREGA_MPLADS-2022-BR-0041,MGNREGA,0.933,location|description|amount|timeline,0.945,1.0,0.7,155.1,⚠️ Potential duplicate funding: MPLADS work MPLADS-2022-BR-0041 matches MGNREGA work MGNREGA_MPLADS-2022-BR-0041 with 93% similarity. Physical distance: 155m. Description similarity: 100%. Same physical asset may be funded under multiple schemes.
MPLADS-2020-KA-0031,MGNREGA_MPLADS-2020-KA-0031,MGNREGA,0.96,location|description|amount|timeline,0.899,1.0,1.0,241.7,⚠️ Potential duplicate funding: MPLADS work MPLADS-2020-KA-0031 matches MGNREGA work MGNREGA_MPLADS-2020-KA-0031 with 96% similarity. Physical distance: 242m. Description similarity: 100%. Same physical asset may be funded under multiple schemes.
MPLADS-2022-GJ-0030,MGNREGA_MPLADS-2022-GJ-0030,MGNREGA,0.943,location|description|amount|timeline,0.969,1.0,0.7,108.8,⚠️ Potential duplicate funding: MPLADS work MPLADS-2022-GJ-0030 matches MGNREGA work MGNREGA_MPLADS-2022-GJ-0030 with 94% similarity. Physical distance: 109m. Description similarity: 100%. Same physical asset may be funded under multiple schemes.
MPLADS-2019-HR-0041,MGNREGA_MPLADS-2019-HR-0041,MGNREGA,0.996,location|description|amount|timeline,0.991,1.0,1.0,67.1,⚠️ Potential duplicate funding: MPLADS work MPLADS-2019-HR-0041 matches MGNREGA work MGNREGA_MPLADS-2019-HR-0041 with 100% similarity. Physical distance: 67m. Description similarity: 100%. Same physical asset may be funded under multiple schemes.
MPLADS-2019-PB-0036,MGNREGA_MPLADS-2019-PB-0036,MGNREGA,0.924,location|description|amount|timeline,0.922,1.0,0.7,198.3,⚠️ Potential duplicate funding: MPLADS work MPLADS-2019-PB-0036 matches MGNREGA work MGNREGA_MPLADS-2019-PB-0036 with 92% similarity. Physical distance: 198m. Description similarity: 100%. Same physical asset may be funded under multiple schemes.
MPLADS-2019-PB-0037,MGNREGA_MPLADS-2019-PB-0037,MGNREGA,0.921,location|description|amount|timeline,0.915,1.0,0.7,211.5,⚠️ Potential duplicate funding: MPLADS work MPLADS-2019-PB-0037 matches MGNREGA work MGNREGA_MPLADS-2019-PB-0037 with 92% similarity. Physical distance: 212m. Description similarity: 100%. Same physical asset may be funded under multiple schemes.
MPLADS-2023-BR-0043,MGNREGA_MPLADS-2023-BR-0043,MGNREGA,0.981,location|description|amount|timeline,0.952,1.0,1.0,141.6,⚠️ Potential duplicate funding: MPLADS work MPLADS-2023-BR-0043 matches MGNREGA work MGNREGA_MPLADS-2023-BR-0043 with 98% similarity. Physical distance: 142m. Description similarity: 100%. Same physical asset may be funded under multiple schemes.
MPLADS-2021-GJ-0031,MGNREGA_MPLADS-2021-GJ-0031,MGNREGA,0.973,location|description|amount|timeline,0.933,1.0,1.0,176.8,⚠️ Potential duplicate funding: MPLADS work MPLADS-2021-GJ-0031 matches MGNREGA work MGNREGA_MPLADS-2021-GJ-0031 with 97% similarity. Physical distance: 177m. Description similarity: 100%. Same physical asset may be funded under multiple schemes.
MPLADS-2019-UP-0020,MGNREGA_MPLADS-2019-UP-0020,MGNREGA,0.925,location|description|amount|timeline,0.926,1.0,0.7,191.1,⚠️ Potential duplicate funding: MPLADS work MPLADS-2019-UP-0020 matches MGNREGA work MGNREGA_MPLADS-2019-UP-0020 with 93% similarity. Physical distance: 191m. Description similarity: 100%. Same physical asset may be funded under multiple schemes.
