work_id,scheme,state_code,district_name,work_type,description,amount,lat,lon,sanction_date,completion_date,source
MGNREGA_MPLADS-2021-AP-0001,MGNREGA,AP,Nellore,MGNREGA_GENERAL,"Construction of additional classrooms at Government School, Nellore",3222918.2193224467,14.467198160475391,80.00520285722564,2021-06-26,2022-05-01,MGNREGA_MIS_EXTRAPOLATED
MGNREGA_MPLADS-2023-OR-0001,MGNREGA,OR,Cuttack,MGNREGA_GENERAL,Construction of rural road connecting villages in Cuttack district,828665.7191700471,20.441494633936788,85.89802407456177,2023-11-23,2024-06-16,MGNREGA_MIS_EXTRAPOLATED
MGNREGA_MPLADS-2021-RJ-0001,MGNREGA,RJ,Jodhpur,MGNREGA_GENERAL,Construction of drainage channel in Jodhpur district,1574460.8500406365,26.210232334448673,73.0321647045831,2021-04-08,2021-12-23,MGNREGA_MIS_EXTRAPOLATED
MGNREGA_MPLADS-2019-TS-0001,MGNREGA,TS,Hyderabad,MGNREGA_GENERAL,"Construction of community hall at Sridhar village, Hyderabad",4115934.3279189207,17.400532290311183,78.49258233797718,2019-11-06,2020-07-24,MGNREGA_MIS_EXTRAPOLATED
MGNREGA_MPLADS-2021-UP-0001,MGNREGA,UP,Agra,MGNREGA_GENERAL,"Construction of community hall at Bassi village, Agra",5184459.38689549,27.206829770563203,78.01364935644271,2021-04-05,2022-03-13,MGNREGA_MIS_EXTRAPOLATED
MGNREGA_MPLADS-2022-OR-0002,MGNREGA,OR,Rourkela,MGNREGA_GENERAL,"Construction of community hall at Kari village, Rourkela",4821939.938587447,22.237833618039414,84.87961696897183,2022-06-09,2023-04-04,MGNREGA_MIS_EXTRAPOLATED
MGNREGA_MPLADS-2020-RJ-0002,MGNREGA,RJ,Ajmer,MGNREGA_GENERAL,CC road laying in Ajmer — connecting Iyer nagar to main road,3307329.1036874787,26.428527780074567,74.63956491656079,2020-09-22,2021-09-27,MGNREGA_MIS_EXTRAPOLATED
MGNREGA_MPLADS-2021-AP-0002,MGNREGA,AP,Nellore,MGNREGA_GENERAL,CC road laying in Nellore — connecting Patil nagar to main road,3461429.6012057113,14.430057975442608,80.00586857859413,2021-10-18,2021-11-01,MGNREGA_MIS_EXTRAPOLATED
MGNREGA_MPLADS-2023-OR-0004,MGNREGA,OR,Cuttack,MGNREGA_GENERAL,Construction of drainage channel in Cuttack district,858645.8085621152,20.478624279936867,85.87264070384558,2023-11-13,2025-03-14,MGNREGA_MIS_EXTRAPOLATED
MGNREGA_MPLADS-2019-AP-0003,MGNREGA,AP,Kadapa,MGNREGA_GENERAL,CC road laying in Kadapa — connecting Barad nagar to main road,2377217.32855616,14.448256937753655,78.84896965827545,2019-08-10,2020-04-03,MGNREGA_MIS_EXTRAPOLATED
MGNREGA_MPLADS-2023-RJ-0006,MGNREGA,RJ,Kota,MGNREGA_GENERAL,CC road laying in Kota — connecting Dar nagar to main road,2624168.0416321657,25.190530179407606,75.85738209649475,2023-09-07,2024-04-17,MGNREGA_MIS_EXTRAPOLATED
MGNREGA_MPLADS-2023-BR-0003,MGNREGA,BR,Gaya,MGNREGA_GENERAL,"Construction of additional classrooms at Government School, Gaya",4969040.675651324,24.801195542149014,85.03096252813229,2023-07-23,2024-03-26,MGNREGA_MIS_EXTRAPOLATED
MGNREGA_MPLADS-2022-TS-0002,MGNREGA,TS,Mahbubnagar,MGNREGA_GENERAL,"Construction of community hall at Brar village, Mahbubnagar",7218399.115379795,16.720518455076693,78.00059068845603,2022-08-30,2022-12-29,MGNREGA_MIS_EXTRAPOLATED
MGNREGA_MPLADS-2023-OR-0006,MGNREGA,OR,Bhubaneswar,MGNREGA_GENERAL,"Construction of community hall at Ramaswamy village, Bhubaneswar",3416035.98059653,20.28376060997496,85.82838815293937,2023-08-22,2025-01-02,MGNREGA_MIS_EXTRAPOLATED
MGNREGA_MPLADS-2020-TN-0005,MGNREGA,TN,Chennai,MGNREGA_GENERAL,"Construction of additional classrooms at Government School, Chennai",4735178.896465375,13.105337554084462,80.2741372816083,2020-07-04,2020-11-05,MGNREGA_MIS_EXTRAPOLATED
MGNREGA_MPLADS-2019-TN-0007,MGNREGA,TN,Tiruchirappalli,MGNREGA_GENERAL,Construction of drainage channel in Tiruchirappalli district,1876152.5812588085,10.767250089137416,78.71314684430435,2019-08-07,2020-07-13,MGNREGA_MIS_EXTRAPOLATED
MGNREGA_MPLADS-2022-HR-0002,MGNREGA,HR,Rohtak,MGNREGA_GENERAL,CC road laying in Rohtak — connecting Keer nagar to main road,2946639.2654643427,28.871886841117373,76.5778394178221,2022-05-21,2022-07-27,MGNREGA_MIS_EXTRAPOLATED
MGNREGA_MPLADS-2020-WB-0002,MGNREGA,WB,Howrah,MGNREGA_GENERAL,"Construction of community hall at Mital village, Howrah",2834243.9032114465,22.569700531293446,88.24365799576626,2020-11-23,2021-08-25,MGNREGA_MIS_EXTRAPOLATED
MGNREGA_MPLADS-2020-PB-0001,MGNREGA,PB,Amritsar,MGNREGA_GENERAL,Construction of drainage channel in Amritsar district,589284.3969660351,31.641591599915245,74.8584874969401,2020-10-12,2021-02-13,MGNREGA_MIS_EXTRAPOLATED
MGNREGA_MPLADS-2021-MH-0003,MGNREGA,MH,Nashik,MGNREGA_GENERAL,"Construction of additional classrooms at Government School, Nashik",18025823.253619395,19.976083931449676,73.80438090915564,2021-06-16,2022-08-21,MGNREGA_MIS_EXTRAPOLATED
MGNREGA_MPLADS-2023-PB-0002,MGNREGA,PB,Bathinda,MGNREGA_GENERAL,Construction of drainage channel in Bathinda district,1677457.5280170655,30.18525470915876,74.9163853961271,2023-08-20,2024-07-21,MGNREGA_MIS_EXTRAPOLATED
MGNREGA_MPLADS-2023-KA-0003,MGNREGA,KA,Bengaluru,MGNREGA_GENERAL,"Construction of community hall at Chakraborty village, Bengaluru",6517408.184272787,12.966227013306774,77.59462373803875,2023-06-13,2023-11-18,MGNREGA_MIS_EXTRAPOLATED
MGNREGA_MPLADS-2020-RJ-0010,MGNREGA,RJ,Ajmer,MGNREGA_GENERAL,CC road laying in Ajmer — connecting Khurana nagar to main road,2351812.0884683304,26.4375636968999,74.64760878792302,2020-04-28,2021-02-03,MGNREGA_MIS_EXTRAPOLATED
MGNREGA_MPLADS-2023-RJ-0011,MGNREGA,RJ,Ajmer,MGNREGA_GENERAL,CC road laying in Ajmer — connecting Subramaniam nagar to main road,2298204.143542443,26.4444475477464,74.63458897907718,2023-08-17,2024-08-02,MGNREGA_MIS_EXTRAPOLATED
MGNREGA_MPLADS-2020-HR-0005,MGNREGA,HR,Rohtak,MGNREGA_GENERAL,CC road laying in Rohtak — connecting Bajwa nagar to main road,2062008.0987560716,28.891622088468495,76.59346184571382,2020-12-24,2021-08-14,MGNREGA_MIS_EXTRAPOLATED
MGNREGA_MPLADS-2020-RJ-0012,MGNREGA,RJ,Ajmer,MGNREGA_GENERAL,CC road laying in Ajmer — connecting Manda nagar to main road,1102448.4863261615,26.438616028672165,74.63328508138675,2020-07-12,2021-01-20,MGNREGA_MIS_EXTRAPOLATED
MGNREGA_MPLADS-2020-KA-0005,MGNREGA,KA,Hubballi,MGNREGA_GENERAL,"Construction of additional classrooms at Government School, Hubballi",6059580.3649866,15.341333862914178,75.1462634762381,2020-09-08,2021-03-21,MGNREGA_MIS_EXTRAPOLATED
MGNREGA_MPLADS-2020-MH-0004,MGNREGA,MH,Pune,MGNREGA_GENERAL,Construction of rural road connecting villages in Pune district,2277509.705711184,18.50559319250731,73.86862359209941,2020-09-26,2021-08-12,MGNREGA_MIS_EXTRAPOLATED
MGNREGA_MPLADS-2021-KA-0006,MGNREGA,KA,Bengaluru,MGNREGA_GENERAL,Construction of rural road connecting villages in Bengaluru district,1485401.889523577,12.985343929286863,77.5920007332881,2021-12-08,2022-10-08,MGNREGA_MIS_EXTRAPOLATED
MGNREGA_MPLADS-2022-HR-0006,MGNREGA,HR,Panipat,MGNREGA_GENERAL,CC road laying in Panipat — connecting Wali nagar to main road,3708477.605639263,29.36155022988542,76.99464885097031,2022-07-03,2023-03-20,MGNREGA_MIS_EXTRAPOLATED
MGNREGA_MPLADS-2020-RJ-0013,MGNREGA,RJ,Ajmer,MGNREGA_GENERAL,Construction of rural road connecting villages in Ajmer district,2364946.7795566735,26.446778376983755,74.66775297914889,2020-05-12,2020-10-01,MGNREGA_MIS_EXTRAPOLATED
MGNREGA_MPLADS-2022-UP-0003,MGNREGA,UP,Lucknow,MGNREGA_GENERAL,Construction of drainage channel in Lucknow district,1409822.8435952691,26.875545108790277,80.94128386871982,2022-06-24,2023-06-23,MGNREGA_MIS_EXTRAPOLATED
MGNREGA_MPLADS-2019-TN-0012,MGNREGA,TN,Madurai,MGNREGA_GENERAL,"Construction of community hall at Sinha village, Madurai",5639705.582285871,9.942690931317529,78.10571016407343,2019-12-30,2020-09-11,MGNREGA_MIS_EXTRAPOLATED
MGNREGA_MPLADS-2020-WB-0003,MGNREGA,WB,Howrah,MGNREGA_GENERAL,"Construction of additional classrooms at Government School, Howrah",2167264.327903296,22.597331565707975,88.26172571674275,2020-09-05,2021-05-08,MGNREGA_MIS_EXTRAPOLATED
MGNREGA_MPLADS-2021-KA-0008,MGNREGA,KA,Kalaburagi,MGNREGA_GENERAL,"Construction of community hall at Sekhon village, Kalaburagi",5933036.895566917,17.320157423924307,76.85153428276466,2021-05-28,2022-04-09,MGNREGA_MIS_EXTRAPOLATED
MGNREGA_MPLADS-2021-PB-0005,MGNREGA,PB,Patiala,MGNREGA_GENERAL,CC road laying in Patiala — connecting Karpe nagar to main road,3833523.14918377,30.358197168916597,76.36664153169215,2021-05-13,2022-01-13,MGNREGA_MIS_EXTRAPOLATED
MGNREGA_MPLADS-2023-GJ-0009,MGNREGA,GJ,Anand,MGNREGA_GENERAL,Construction of drainage channel in Anand district,1293569.9567564414,22.585915192661965,72.95570791963932,2023-05-19,2024-02-22,MGNREGA_MIS_EXTRAPOLATED
MGNREGA_MPLADS-2020-GJ-0010,MGNREGA,GJ,Ahmedabad,MGNREGA_GENERAL,"Construction of additional classrooms at Government School, Ahmedabad",2954586.308533768,23.025144885149015,72.57621879060937,2020-12-16,2021-04-29,MGNREGA_MIS_EXTRAPOLATED
MGNREGA_MPLADS-2019-TN-0013,MGNREGA,TN,Erode,MGNREGA_GENERAL,Construction of rural road connecting villages in Erode district,1030597.4663884458,11.340733615026041,77.70428584236075,2019-06-19,2019-12-02,MGNREGA_MIS_EXTRAPOLATED
MGNREGA_MPLADS-2023-MH-0009,MGNREGA,MH,Amravati,MGNREGA_GENERAL,Construction of drainage channel in Amravati district,1780988.5767455215,20.937446280235545,77.77007023599397,2023-05-14,2024-03-11,MGNREGA_MIS_EXTRAPOLATED
MGNREGA_MPLADS-2022-UP-0005,MGNREGA,UP,Meerut,MGNREGA_GENERAL,CC road laying in Meerut — connecting Cherian nagar to main road,1067392.57910923,29.009429760620655,77.71678436519969,2022-07-15,2022-12-08,MGNREGA_MIS_EXTRAPOLATED
MGNREGA_MPLADS-2022-MH-0010,MGNREGA,MH,Thane,MGNREGA_GENERAL,"Construction of additional classrooms at Government School, Thane",3456707.1949335993,19.19964020769811,72.98211174065017,2022-11-17,2023-10-20,MGNREGA_MIS_EXTRAPOLATED
MGNREGA_MPLADS-2021-PB-0006,MGNREGA,PB,Jalandhar,MGNREGA_GENERAL,CC road laying in Jalandhar — connecting Issac nagar to main road,1156444.2029011573,31.32267205906369,75.55824292233302,2021-12-13,2022-05-12,MGNREGA_MIS_EXTRAPOLATED
MGNREGA_MPLADS-2019-MP-0003,MGNREGA,MP,Ujjain,MGNREGA_GENERAL,CC road laying in Ujjain — connecting Mishra nagar to main road,2718788.1340708775,23.14924298921031,75.7822696440126,2019-10-07,2020-09-11,MGNREGA_MIS_EXTRAPOLATED
MGNREGA_MPLADS-2023-PB-0007,MGNREGA,PB,Ludhiana,MGNREGA_GENERAL,CC road laying in Ludhiana — connecting Kadakia nagar to main road,3456223.8729336364,30.928179461469334,75.85655046068563,2023-08-23,2024-03-30,MGNREGA_MIS_EXTRAPOLATED
MGNREGA_MPLADS-2023-RJ-0014,MGNREGA,RJ,Alwar,MGNREGA_GENERAL,"Construction of community hall at Khanna village, Alwar",4806282.116333982,27.541592811728083,76.61627516248699,2023-11-04,2024-08-02,MGNREGA_MIS_EXTRAPOLATED
MGNREGA_MPLADS-2021-AP-0008,MGNREGA,AP,Guntur,MGNREGA_GENERAL,CC road laying in Guntur — connecting Trivedi nagar to main road,2777824.249821823,16.30385451840952,80.44788712833088,2021-06-14,2022-07-25,MGNREGA_MIS_EXTRAPOLATED
MGNREGA_MPLADS-2020-BR-0011,MGNREGA,BR,Gaya,MGNREGA_GENERAL,CC road laying in Gaya — connecting Mand nagar to main road,1793802.9012606808,24.7704071291833,85.01358899402356,2020-08-02,2021-10-02,MGNREGA_MIS_EXTRAPOLATED
MGNREGA_MPLADS-2020-RJ-0015,MGNREGA,RJ,Bharatpur,MGNREGA_GENERAL,Construction of drainage channel in Bharatpur district,1432361.8655881244,27.24003936197751,77.50694754778941,2020-08-24,2021-03-06,MGNREGA_MIS_EXTRAPOLATED
MGNREGA_MPLADS-2022-AP-0009,MGNREGA,AP,Nellore,MGNREGA_GENERAL,Construction of drainage channel in Nellore district,1165502.2604799182,14.442410716092915,79.982605915005,2022-07-01,2022-09-13,MGNREGA_MIS_EXTRAPOLATED
MGNREGA_MPLADS-2020-DL-0007,MGNREGA,DL,South Delhi,MGNREGA_GENERAL,Construction of drainage channel in South Delhi district,783847.4875877281,28.541033063543868,77.19415824756267,2020-10-21,2022-01-14,MGNREGA_MIS_EXTRAPOLATED
MGNREGA_MPLADS-2023-PB-0008,MGNREGA,PB,Jalandhar,MGNREGA_GENERAL,Construction of rural road connecting villages in Jalandhar district,1809470.3288697319,31.34725781104111,75.55944260181644,2023-06-05,2023-10-11,MGNREGA_MIS_EXTRAPOLATED
MGNREGA_MPLADS-2023-MH-0011,MGNREGA,MH,Thane,MGNREGA_GENERAL,"Construction of additional classrooms at Government School, Thane",2692306.5080422293,19.220288542189625,72.96204647846132,2023-05-08,2024-04-29,MGNREGA_MIS_EXTRAPOLATED
MGNREGA_MPLADS-2021-MP-0005,MGNREGA,MP,Sagar,MGNREGA_GENERAL,"Construction of additional classrooms at Government School, Sagar",3290646.1496034698,23.83401286539445,78.75577113253087,2021-04-11,2022-03-25,MGNREGA_MIS_EXTRAPOLATED
MGNREGA_MPLADS-2023-TN-0014,MGNREGA,TN,Chennai,MGNREGA_GENERAL,Construction of drainage channel in Chennai district,1114295.0486834534,13.079134118843044,80.24304309873631,2023-11-29,2024-06-14,MGNREGA_MIS_EXTRAPOLATED
MGNREGA_MPLADS-2021-MP-0006,MGNREGA,MP,Indore,MGNREGA_GENERAL,"Construction of additional classrooms at Government School, Indore",2669198.2436514692,22.749041209982355,75.84558312025989,2021-04-17,2022-04-04,MGNREGA_MIS_EXTRAPOLATED
MGNREGA_MPLADS-2023-TN-0015,MGNREGA,TN,Tirunelveli,MGNREGA_GENERAL,CC road laying in Tirunelveli — connecting Dara nagar to main road,4307887.156279037,8.731863100566219,77.78566357177276,2023-10-02,2024-09-22,MGNREGA_MIS_EXTRAPOLATED
MGNREGA_MPLADS-2019-GJ-0011,MGNREGA,GJ,Surat,MGNREGA_GENERAL,Construction of drainage channel in Surat district,1023479.1923941987,21.16176635131571,72.8065483722332,2019-11-23,2020-03-14,MGNREGA_MIS_EXTRAPOLATED
MGNREGA_MPLADS-2023-DL-0008,MGNREGA,DL,South Delhi,MGNREGA_GENERAL,"Construction of additional classrooms at Government School, South Delhi",2768761.988245812,28.520280691161638,77.18059746571602,2023-09-30,2024-02-20,MGNREGA_MIS_EXTRAPOLATED
MGNREGA_MPLADS-2020-KA-0011,MGNREGA,KA,Belagavi,MGNREGA_GENERAL,"Construction of additional classrooms at Government School, Belagavi",1873042.807902596,15.835646941385201,74.47604691995495,2020-05-02,2021-01-09,MGNREGA_MIS_EXTRAPOLATED
MGNREGA_MPLADS-2019-WB-0007,MGNREGA,WB,Asansol,MGNREGA_GENERAL,Construction of drainage channel in Asansol district,1300647.0140547329,23.6617642654042,86.92845389408497,2019-11-06,2020-08-18,MGNREGA_MIS_EXTRAPOLATED
MGNREGA_MPLADS-2022-MP-0008,MGNREGA,MP,Sagar,MGNREGA_GENERAL,"Construction of community hall at Gara village, Sagar",4458319.53176088,23.822009357413524,78.71033176651086,2022-09-16,2023-07-18,MGNREGA_MIS_EXTRAPOLATED
MGNREGA_MPLADS-2021-RJ-0018,MGNREGA,RJ,Udaipur,MGNREGA_GENERAL,CC road laying in Udaipur — connecting Ghosh nagar to main road,1445431.4596928945,24.573268888800804,73.74062080324639,2021-12-30,2022-07-03,MGNREGA_MIS_EXTRAPOLATED
MGNREGA_MPLADS-2021-WB-0008,MGNREGA,WB,Kolkata,MGNREGA_GENERAL,Construction of rural road connecting villages in Kolkata district,2436774.9182976414,22.5878674091636,88.35497241107123,2021-11-10,2022-07-18,MGNREGA_MIS_EXTRAPOLATED
MGNREGA_MPLADS-2022-TS-0007,MGNREGA,TS,Karimnagar,MGNREGA_GENERAL,"Construction of additional classrooms at Government School, Karimnagar",2961906.039167806,18.42150167222865,79.11103240582909,2022-12-29,2023-02-26,MGNREGA_MIS_EXTRAPOLATED
MGNREGA_MPLADS-2023-UP-0006,MGNREGA,UP,Agra,MGNREGA_GENERAL,CC road laying in Agra — connecting Sant nagar to main road,4439733.030631628,27.17079683829845,78.00320382271549,2023-10-20,2024-08-19,MGNREGA_MIS_EXTRAPOLATED
MGNREGA_MPLADS-2021-RJ-0019,MGNREGA,RJ,Alwar,MGNREGA_GENERAL,"Construction of additional classrooms at Government School, Alwar",6236854.078660615,27.57534834569706,76.62971950218343,2021-12-05,2023-05-21,MGNREGA_MIS_EXTRAPOLATED
MGNREGA_MPLADS-2022-DL-0010,MGNREGA,DL,South Delhi,MGNREGA_GENERAL,"Construction of additional classrooms at Government School, South Delhi",2381780.2333165263,28.55113655985998,77.20064651485637,2022-09-16,2023-07-08,MGNREGA_MIS_EXTRAPOLATED
MGNREGA_MPLADS-2020-BR-0015,MGNREGA,BR,Purnia,MGNREGA_GENERAL,"Construction of community hall at Nazareth village, Purnia",2897382.946404543,25.783925716238638,87.48283678820647,2020-11-26,2021-03-30,MGNREGA_MIS_EXTRAPOLATED
MGNREGA_MPLADS-2021-OR-0011,MGNREGA,OR,Cuttack,MGNREGA_GENERAL,"Construction of community hall at Koshy village, Cuttack",3487502.347162901,20.47815400707643,85.86632024633539,2021-09-02,2022-04-11,MGNREGA_MIS_EXTRAPOLATED
MGNREGA_MPLADS-2023-UP-0007,MGNREGA,UP,Agra,MGNREGA_GENERAL,"Construction of community hall at Purohit village, Agra",7981118.885767083,27.161594935157467,77.99266758079077,2023-08-29,2024-04-13,MGNREGA_MIS_EXTRAPOLATED
MGNREGA_MPLADS-2023-DL-0011,MGNREGA,DL,South Delhi,MGNREGA_GENERAL,"Construction of community hall at Sridhar village, South Delhi",5273192.885790531,28.536297077237844,77.20844871688539,2023-08-24,2023-10-23,MGNREGA_MIS_EXTRAPOLATED
MGNREGA_MPLADS-2021-HR-0014,MGNREGA,HR,Faridabad,MGNREGA_GENERAL,Construction of drainage channel in Faridabad district,1588573.3319805388,28.405001598792637,77.30958596562047,2021-05-07,2021-09-24,MGNREGA_MIS_EXTRAPOLATED
MGNREGA_MPLADS-2020-BR-0016,MGNREGA,BR,Muzaffarpur,MGNREGA_GENERAL,Construction of drainage channel in Muzaffarpur district,1764321.6028952543,26.14279689364198,85.35513045156921,2020-07-25,2021-08-31,MGNREGA_MIS_EXTRAPOLATED
MGNREGA_MPLADS-2019-TN-0019,MGNREGA,TN,Salem,MGNREGA_GENERAL,Construction of rural road connecting villages in Salem district,867635.829360123,11.645674699071312,78.15677086321224,2019-05-13,2019-12-24,MGNREGA_MIS_EXTRAPOLATED
MGNREGA_MPLADS-2022-PB-0015,MGNREGA,PB,Patiala,MGNREGA_GENERAL,Construction of rural road connecting villages in Patiala district,2453658.463608947,30.335575958573518,76.38329204221901,2022-08-30,2023-02-20,MGNREGA_MIS_EXTRAPOLATED
MGNREGA_MPLADS-2022-GJ-0015,MGNREGA,GJ,Bhavnagar,MGNREGA_GENERAL,CC road laying in Bhavnagar — connecting Contractor nagar to main road,2733776.065868073,21.768768186220708,72.16802455450399,2022-10-29,2023-06-28,MGNREGA_MIS_EXTRAPOLATED
MGNREGA_MPLADS-2020-BR-0018,MGNREGA,BR,Samastipur,MGNREGA_GENERAL,Construction of drainage channel in Samastipur district,1423161.1509679758,25.86461054837242,85.7875076155385,2020-06-04,2020-10-30,MGNREGA_MIS_EXTRAPOLATED
MGNREGA_MPLADS-2023-BR-0019,MGNREGA,BR,Gaya,MGNREGA_GENERAL,Construction of rural road connecting villages in Gaya district,1903981.0535359043,24.788280971951192,85.02878980846104,2023-08-20,2024-07-16,MGNREGA_MIS_EXTRAPOLATED
MGNREGA_MPLADS-2019-OR-0012,MGNREGA,OR,Balasore,MGNREGA_GENERAL,"Construction of community hall at Mandal village, Balasore",4057952.471701023,21.50649726386573,86.90408188918363,2019-12-05,2020-08-07,MGNREGA_MIS_EXTRAPOLATED
MGNREGA_MPLADS-2022-TN-0020,MGNREGA,TN,Salem,MGNREGA_GENERAL,Construction of rural road connecting villages in Salem district,1154126.6714689783,11.637161834337412,78.144215714308,2022-12-18,2023-08-03,MGNREGA_MIS_EXTRAPOLATED
MGNREGA_MPLADS-2023-AP-0011,MGNREGA,AP,Guntur,MGNREGA_GENERAL,Construction of drainage channel in Guntur district,670483.1328519499,16.323480634801022,80.44246182646611,2023-06-07,2024-04-07,MGNREGA_MIS_EXTRAPOLATED
MGNREGA_MPLADS-2023-BR-0022,MGNREGA,BR,Patna,MGNREGA_GENERAL,"Construction of community hall at Bansal village, Patna",9806773.835972343,25.569212736593272,85.13486661927617,2023-06-28,2024-03-21,MGNREGA_MIS_EXTRAPOLATED
MGNREGA_MPLADS-2023-HR-0017,MGNREGA,HR,Ambala,MGNREGA_GENERAL,Construction of drainage channel in Ambala district,1821804.9771233117,30.37651203782187,76.76267779556827,2023-11-28,2024-04-25,MGNREGA_MIS_EXTRAPOLATED
MGNREGA_MPLADS-2022-GJ-0018,MGNREGA,GJ,Anand,MGNREGA_GENERAL,Construction of rural road connecting villages in Anand district,2113345.352109201,22.55720454668607,72.91906768802062,2022-08-17,2023-06-09,MGNREGA_MIS_EXTRAPOLATED
MGNREGA_MPLADS-2019-AP-0012,MGNREGA,AP,Anantapur,MGNREGA_GENERAL,"Construction of additional classrooms at Government School, Anantapur",4163910.056877225,14.700527205049834,77.62854461909664,2019-12-17,2020-10-14,MGNREGA_MIS_EXTRAPOLATED
MGNREGA_MPLADS-2022-PB-0018,MGNREGA,PB,Bathinda,MGNREGA_GENERAL,"Construction of additional classrooms at Government School, Bathinda",4552881.331984061,30.183680244680357,74.92038870597509,2022-04-21,2022-12-29,MGNREGA_MIS_EXTRAPOLATED
MGNREGA_MPLADS-2019-HR-0020,MGNREGA,HR,Faridabad,MGNREGA_GENERAL,"Construction of additional classrooms at Government School, Faridabad",1665765.4560413093,28.403560215400415,77.30946033606095,2019-12-11,2020-05-13,MGNREGA_MIS_EXTRAPOLATED
MGNREGA_MPLADS-2022-BR-0023,MGNREGA,BR,Samastipur,MGNREGA_GENERAL,"Construction of community hall at Handa village, Samastipur",2838449.066642981,25.893809492287712,85.80776307447101,2022-06-01,2023-03-12,MGNREGA_MIS_EXTRAPOLATED
MGNREGA_MPLADS-2021-HR-0021,MGNREGA,HR,Yamunanagar,MGNREGA_GENERAL,Construction of drainage channel in Yamunanagar district,1497873.0967164931,30.159509936335947,77.28303796460489,2021-04-19,2021-08-04,MGNREGA_MIS_EXTRAPOLATED
MGNREGA_MPLADS-2022-HR-0022,MGNREGA,HR,Gurugram,MGNREGA_GENERAL,"Construction of additional classrooms at Government School, Gurugram",4104653.3158639525,28.454337444621913,77.02334045357871,2022-09-28,2023-07-12,MGNREGA_MIS_EXTRAPOLATED
MGNREGA_MPLADS-2022-UP-0011,MGNREGA,UP,Meerut,MGNREGA_GENERAL,"Construction of additional classrooms at Government School, Meerut",5526867.72570523,28.986352962210226,77.70154536959544,2022-08-01,2023-06-16,MGNREGA_MIS_EXTRAPOLATED
MGNREGA_MPLADS-2023-DL-0014,MGNREGA,DL,Central Delhi,MGNREGA_GENERAL,Construction of rural road connecting villages in Central Delhi district,3826028.4929658957,28.647593180715866,77.19749985572311,2023-09-03,2024-04-28,MGNREGA_MIS_EXTRAPOLATED
MGNREGA_MPLADS-2023-MH-0014,MGNREGA,MH,Nashik,MGNREGA_GENERAL,"Construction of community hall at Naidu village, Nashik",4272137.6216493,20.023983170677745,73.76666002136727,2023-09-09,2024-08-01,MGNREGA_MIS_EXTRAPOLATED
MGNREGA_MPLADS-2019-WB-0014,MGNREGA,WB,Kolkata,MGNREGA_GENERAL,Construction of drainage channel in Kolkata district,2015180.1622554818,22.561302331810563,88.35437592775936,2019-07-20,2020-04-04,MGNREGA_MIS_EXTRAPOLATED
MGNREGA_MPLADS-2019-AP-0014,MGNREGA,AP,Tirupati,MGNREGA_GENERAL,"Construction of additional classrooms at Government School, Tirupati",5737223.821458814,13.622643769095186,79.43096239207253,2019-08-25,2020-07-14,MGNREGA_MIS_EXTRAPOLATED
MGNREGA_MPLADS-2020-TS-0013,MGNREGA,TS,Mahbubnagar,MGNREGA_GENERAL,Construction of drainage channel in Mahbubnagar district,459121.782547352,16.748446165008513,77.99936333304227,2020-04-09,2021-01-05,MGNREGA_MIS_EXTRAPOLATED
MGNREGA_MPLADS-2023-WB-0015,MGNREGA,WB,Asansol,MGNREGA_GENERAL,CC road laying in Asansol — connecting Sagar nagar to main road,2599307.825023489,23.694149392754998,86.92589040224264,2023-05-05,2023-11-19,MGNREGA_MIS_EXTRAPOLATED
MGNREGA_MPLADS-2020-PB-0020,MGNREGA,PB,Pathankot,MGNREGA_GENERAL,Construction of rural road connecting villages in Pathankot district,1753881.996964618,32.271808242050604,75.64988897304022,2020-06-30,2021-09-12,MGNREGA_MIS_EXTRAPOLATED
MGNREGA_MPLADS-2019-UP-0012,MGNREGA,UP,Allahabad,MGNREGA_GENERAL,"Construction of additional classrooms at Government School, Allahabad",1360536.024762378,25.42196328410999,81.86019156190328,2019-10-09,2020-10-21,MGNREGA_MIS_EXTRAPOLATED
MGNREGA_MPLADS-2021-TN-0027,MGNREGA,TN,Tiruchirappalli,MGNREGA_GENERAL,"Construction of community hall at Kapadia village, Tiruchirappalli",7184170.072317617,10.762106726884674,78.72602541852626,2021-04-19,2021-12-17,MGNREGA_MIS_EXTRAPOLATED
MGNREGA_MPLADS-2022-RJ-0021,MGNREGA,RJ,Udaipur,MGNREGA_GENERAL,"Construction of additional classrooms at Government School, Udaipur",4394004.594479274,24.61524971960599,73.6924043653349,2022-11-29,2023-08-27,MGNREGA_MIS_EXTRAPOLATED
MGNREGA_MPLADS-2019-AP-0015,MGNREGA,AP,Visakhapatnam,MGNREGA_GENERAL,"Construction of community hall at Arora village, Visakhapatnam",2687936.994989386,17.701765201393204,83.19209182589177,2019-05-19,2020-04-28,MGNREGA_MIS_EXTRAPOLATED
MGNREGA_MPLADS-2020-MH-0016,MGNREGA,MH,Nagpur,MGNREGA_GENERAL,"Construction of additional classrooms at Government School, Nagpur",2328195.6646800945,21.17438332900505,79.07345588568282,2020-12-27,2021-12-05,MGNREGA_MIS_EXTRAPOLATED
MGNREGA_MPLADS-2019-AP-0016,MGNREGA,AP,Visakhapatnam,MGNREGA_GENERAL,Construction of drainage channel in Visakhapatnam district,1136844.031699976,17.695801402973665,83.24885059365872,2019-11-04,2020-12-19,MGNREGA_MIS_EXTRAPOLATED
MGNREGA_MPLADS-2019-HR-0023,MGNREGA,HR,Faridabad,MGNREGA_GENERAL,"Construction of additional classrooms at Government School, Faridabad",3974816.462373656,28.423183896824373,77.29153581177765,2019-06-04,2020-01-28,MGNREGA_MIS_EXTRAPOLATED
MGNREGA_MPLADS-2020-KA-0016,MGNREGA,KA,Mangaluru,MGNREGA_GENERAL,CC road laying in Mangaluru — connecting Konda nagar to main road,3368691.514739799,12.902025748170685,74.86680097159267,2020-12-01,2021-04-12,MGNREGA_MIS_EXTRAPOLATED
MGNREGA_MPLADS-2021-KA-0017,MGNREGA,KA,Tumakuru,MGNREGA_GENERAL,Construction of drainage channel in Tumakuru district,1298917.6617816123,13.368658383690802,77.09754078950688,2021-10-14,2022-07-06,MGNREGA_MIS_EXTRAPOLATED
MGNREGA_MPLADS-2022-BR-0026,MGNREGA,BR,Arrah,MGNREGA_GENERAL,Construction of drainage channel in Arrah district,1261917.549145787,25.562819461122654,84.66635158766678,2022-04-16,2022-12-25,MGNREGA_MIS_EXTRAPOLATED
MGNREGA_MPLADS-2022-TN-0030,MGNREGA,TN,Tiruchirappalli,MGNREGA_GENERAL,"Construction of community hall at Som village, Tiruchirappalli",2425446.788836531,10.791246882984938,78.6884784002497,2022-05-15,2022-12-19,MGNREGA_MIS_EXTRAPOLATED
MGNREGA_MPLADS-2019-PB-0021,MGNREGA,PB,Moga,MGNREGA_GENERAL,"Construction of additional classrooms at Government School, Moga",3664206.9077618737,30.840623890714607,75.15103138444186,2019-07-12,2020-03-16,MGNREGA_MIS_EXTRAPOLATED
MGNREGA_MPLADS-2021-GJ-0020,MGNREGA,GJ,Anand,MGNREGA_GENERAL,"Construction of community hall at Vohra village, Anand",5536228.291349228,22.560764290562027,72.92228401056808,2021-04-16,2022-01-19,MGNREGA_MIS_EXTRAPOLATED
MGNREGA_MPLADS-2021-PB-0022,MGNREGA,PB,Moga,MGNREGA_GENERAL,CC road laying in Moga — connecting Dara nagar to main road,1671881.6930983583,30.808021842336043,75.17711463143752,2021-08-24,2022-05-07,MGNREGA_MIS_EXTRAPOLATED
MGNREGA_MPLADS-2021-OR-0017,MGNREGA,OR,Cuttack,MGNREGA_GENERAL,Construction of rural road connecting villages in Cuttack district,2284011.372555683,20.439991336642606,85.90756646350047,2021-10-29,2022-06-14,MGNREGA_MIS_EXTRAPOLATED
MGNREGA_MPLADS-2022-OR-0018,MGNREGA,OR,Baripada,MGNREGA_GENERAL,"Construction of community hall at Varghese village, Baripada",4691458.725138937,21.94489280747964,86.70413540659696,2022-10-25,2023-06-02,MGNREGA_MIS_EXTRAPOLATED
MGNREGA_MPLADS-2020-TN-0031,MGNREGA,TN,Chennai,MGNREGA_GENERAL,"Construction of additional classrooms at Government School, Chennai",1192198.5019853427,13.097963400392208,80.27224037460347,2020-12-17,2021-12-04,MGNREGA_MIS_EXTRAPOLATED
MGNREGA_MPLADS-2020-OR-0019,MGNREGA,OR,Cuttack,MGNREGA_GENERAL,Construction of rural road connecting villages in Cuttack district,886935.4506083968,20.445998450458507,85.89330343966284,2020-12-15,2022-03-11,MGNREGA_MIS_EXTRAPOLATED
MGNREGA_MPLADS-2020-OR-0020,MGNREGA,OR,Rourkela,MGNREGA_GENERAL,"Construction of community hall at Sur village, Rourkela",5913718.381163451,22.245525959364752,84.88013477452647,2020-10-29,2021-11-22,MGNREGA_MIS_EXTRAPOLATED
MGNREGA_MPLADS-2020-MP-0016,MGNREGA,MP,Indore,MGNREGA_GENERAL,"Construction of additional classrooms at Government School, Indore",2879149.815671587,22.692782274989604,75.85806967711282,2020-04-17,2021-08-04,MGNREGA_MIS_EXTRAPOLATED
MGNREGA_MPLADS-2020-DL-0018,MGNREGA,DL,North Delhi,MGNREGA_GENERAL,Construction of rural road connecting villages in North Delhi district,2306560.551723524,28.733043102325095,77.1388609209657,2020-06-19,2020-12-19,MGNREGA_MIS_EXTRAPOLATED
MGNREGA_MPLADS-2021-HR-0024,MGNREGA,HR,Hisar,MGNREGA_GENERAL,Construction of rural road connecting villages in Hisar district,2780522.889912396,29.171652679704827,75.73607315287377,2021-06-18,2021-07-04,MGNREGA_MIS_EXTRAPOLATED
MGNREGA_MPLADS-2019-RJ-0023,MGNREGA,RJ,Jodhpur,MGNREGA_GENERAL,CC road laying in Jodhpur — connecting Varma nagar to main road,3297177.405875141,26.257882467157263,73.04076585923511,2019-11-23,2019-12-04,MGNREGA_MIS_EXTRAPOLATED
MGNREGA_MPLADS-2019-HR-0025,MGNREGA,HR,Karnal,MGNREGA_GENERAL,Construction of rural road connecting villages in Karnal district,1641198.4243238915,29.687644762255296,76.99042140256782,2019-08-15,2020-03-10,MGNREGA_MIS_EXTRAPOLATED
MGNREGA_MPLADS-2020-HR-0026,MGNREGA,HR,Karnal,MGNREGA_GENERAL,Construction of drainage channel in Karnal district,534555.5496281149,29.662177445203504,76.9825031120055,2020-04-04,2020-11-21,MGNREGA_MIS_EXTRAPOLATED
MGNREGA_MPLADS-2022-MP-0017,MGNREGA,MP,Gwalior,MGNREGA_GENERAL,CC road laying in Gwalior — connecting Salvi nagar to main road,1408390.0940115002,26.214277771843026,78.16443202709367,2022-04-10,2022-11-24,MGNREGA_MIS_EXTRAPOLATED
MGNREGA_MPLADS-2022-UP-0013,MGNREGA,UP,Meerut,MGNREGA_GENERAL,CC road laying in Meerut — connecting Chandran nagar to main road,1946181.3723711083,28.964275902521177,77.72367950124388,2022-07-01,2023-05-07,MGNREGA_MIS_EXTRAPOLATED
MGNREGA_MPLADS-2021-BR-0032,MGNREGA,BR,Samastipur,MGNREGA_GENERAL,"Construction of community hall at Agarwal village, Samastipur",5793041.552614431,25.890857873930358,85.7769274190991,2021-09-08,2022-08-19,MGNREGA_MIS_EXTRAPOLATED
MGNREGA_MPLADS-2019-RJ-0025,MGNREGA,RJ,Bharatpur,MGNREGA_GENERAL,Construction of drainage channel in Bharatpur district,1806481.2178501666,27.192986948661456,77.47971577138712,2019-04-28,2020-02-06,MGNREGA_MIS_EXTRAPOLATED
MGNREGA_MPLADS-2022-RJ-0027,MGNREGA,RJ,Bikaner,MGNREGA_GENERAL,CC road laying in Bikaner — connecting Shroff nagar to main road,1065158.9363392747,28.028640284175214,73.32071392372154,2022-06-01,2023-07-31,MGNREGA_MIS_EXTRAPOLATED
MGNREGA_MPLADS-2022-MH-0021,MGNREGA,MH,Aurangabad,MGNREGA_GENERAL,CC road laying in Aurangabad — connecting Malhotra nagar to main road,2352026.5498904544,19.847609758175118,75.36670245900656,2022-11-05,2023-06-20,MGNREGA_MIS_EXTRAPOLATED
MGNREGA_MPLADS-2023-TN-0032,MGNREGA,TN,Tirunelveli,MGNREGA_GENERAL,Construction of rural road connecting villages in Tirunelveli district,2574055.9301996487,8.713662020568004,77.77595047070766,2023-12-18,2024-11-26,MGNREGA_MIS_EXTRAPOLATED
MGNREGA_MPLADS-2020-WB-0018,MGNREGA,WB,Howrah,MGNREGA_GENERAL,"Construction of community hall at Sane village, Howrah",5616040.047655751,22.60420565184297,88.260463214161,2020-06-22,2021-03-28,MGNREGA_MIS_EXTRAPOLATED
MGNREGA_MPLADS-2021-RJ-0028,MGNREGA,RJ,Bharatpur,MGNREGA_GENERAL,CC road laying in Bharatpur — connecting Issac nagar to main road,1559482.5403132015,27.21073365100737,77.5044159761095,2021-12-12,2022-08-06,MGNREGA_MIS_EXTRAPOLATED
MGNREGA_MPLADS-2021-DL-0022,MGNREGA,DL,Central Delhi,MGNREGA_GENERAL,CC road laying in Central Delhi — connecting Choudhry nagar to main road,1590028.6616640475,28.629118171496337,77.18661249547534,2021-06-24,2022-06-04,MGNREGA_MIS_EXTRAPOLATED
MGNREGA_MPLADS-2021-TN-0034,MGNREGA,TN,Tiruchirappalli,MGNREGA_GENERAL,Construction of rural road connecting villages in Tiruchirappalli district,1626739.0653044388,10.76402100948979,78.73140582986443,2021-09-18,2022-09-21,MGNREGA_MIS_EXTRAPOLATED
MGNREGA_MPLADS-2020-TS-0018,MGNREGA,TS,Ramagundam,MGNREGA_GENERAL,Construction of drainage channel in Ramagundam district,511349.8170434081,18.735982092913986,79.45795680671493,2020-05-12,2021-05-04,MGNREGA_MIS_EXTRAPOLATED
MGNREGA_MPLADS-2021-RJ-0029,MGNREGA,RJ,Jaipur,MGNREGA_GENERAL,"Construction of community hall at Pandya village, Jaipur",5575254.677725563,26.893721527905676,75.79606514670715,2021-06-01,2021-07-31,MGNREGA_MIS_EXTRAPOLATED
MGNREGA_MPLADS-2022-HR-0028,MGNREGA,HR,Gurugram,MGNREGA_GENERAL,Construction of rural road connecting villages in Gurugram district,2763425.533708393,28.467000247868203,77.01090242858776,2022-08-09,2023-01-28,MGNREGA_MIS_EXTRAPOLATED
MGNREGA_MPLADS-2022-HR-0030,MGNREGA,HR,Faridabad,MGNREGA_GENERAL,"Construction of additional classrooms at Government School, Faridabad",2190841.105379269,28.404527348848678,77.30709378208792,2022-12-28,2023-10-29,MGNREGA_MIS_EXTRAPOLATED
MGNREGA_MPLADS-2019-RJ-0030,MGNREGA,RJ,Jodhpur,MGNREGA_GENERAL,Construction of rural road connecting villages in Jodhpur district,1720581.1865504622,26.22521465818148,73.0293900738243,2019-06-07,2020-05-14,MGNREGA_MIS_EXTRAPOLATED
MGNREGA_MPLADS-2020-AP-0018,MGNREGA,AP,Nellore,MGNREGA_GENERAL,Construction of rural road connecting villages in Nellore district,1814400.3324892647,14.460266316174902,79.99305847257118,2020-06-16,2021-07-18,MGNREGA_MIS_EXTRAPOLATED
MGNREGA_MPLADS-2019-PB-0026,MGNREGA,PB,Ludhiana,MGNREGA_GENERAL,Construction of drainage channel in Ludhiana district,1979344.8203757128,30.91547768121881,75.85403023504007,2019-09-07,2020-03-22,MGNREGA_MIS_EXTRAPOLATED
MGNREGA_MPLADS-2021-PB-0027,MGNREGA,PB,Ludhiana,MGNREGA_GENERAL,CC road laying in Ludhiana — connecting Sankaran nagar to main road,1604089.8384873369,30.907866122005494,75.82915081673104,2021-06-01,2021-07-31,MGNREGA_MIS_EXTRAPOLATED
MGNREGA_MPLADS-2023-TS-0021,MGNREGA,TS,Suryapet,MGNREGA_GENERAL,Construction of rural road connecting villages in Suryapet district,2932549.312003412,17.118268268065712,79.63137196672821,2023-11-03,2024-07-21,MGNREGA_MIS_EXTRAPOLATED
MGNREGA_MPLADS-2020-KA-0020,MGNREGA,KA,Bengaluru,MGNREGA_GENERAL,CC road laying in Bengaluru — connecting Deo nagar to main road,1866107.2999979407,12.954972872253265,77.57920449070448,2020-06-08,2021-03-23,MGNREGA_MIS_EXTRAPOLATED
MGNREGA_MPLADS-2021-AP-0019,MGNREGA,AP,Anantapur,MGNREGA_GENERAL,CC road laying in Anantapur — connecting Sachar nagar to main road,1251305.8914734954,14.696103876525836,77.62099105202545,2021-07-12,2022-06-08,MGNREGA_MIS_EXTRAPOLATED
MGNREGA_MPLADS-2020-HR-0031,MGNREGA,HR,Rohtak,MGNREGA_GENERAL,Construction of drainage channel in Rohtak district,1063607.032256093,28.873124968908627,76.61452539512257,2020-10-29,2021-09-30,MGNREGA_MIS_EXTRAPOLATED
MGNREGA_MPLADS-2023-DL-0024,MGNREGA,DL,Northwest Delhi,MGNREGA_GENERAL,Construction of drainage channel in Northwest Delhi district,1637596.9190279844,28.707546558314004,77.06829708318303,2023-05-06,2024-03-07,MGNREGA_MIS_EXTRAPOLATED
MGNREGA_MPLADS-2021-KA-0021,MGNREGA,KA,Kalaburagi,MGNREGA_GENERAL,"Construction of additional classrooms at Government School, Kalaburagi",5694566.043159026,17.316251198269033,76.84878899430953,2021-04-07,2022-01-14,MGNREGA_MIS_EXTRAPOLATED
MGNREGA_MPLADS-2022-MH-0024,MGNREGA,MH,Thane,MGNREGA_GENERAL,Construction of rural road connecting villages in Thane district,1270953.561401014,19.221813512741036,72.95530503834212,2022-04-18,2022-10-20,MGNREGA_MIS_EXTRAPOLATED
MGNREGA_MPLADS-2020-MP-0020,MGNREGA,MP,Satna,MGNREGA_GENERAL,Construction of rural road connecting villages in Satna district,1863581.1666015664,24.55410858766371,80.84283361699894,2020-05-23,2020-12-18,MGNREGA_MIS_EXTRAPOLATED
MGNREGA_MPLADS-2021-DL-0025,MGNREGA,DL,Northeast Delhi,MGNREGA_GENERAL,"Construction of community hall at Krishnamurthy village, Northeast Delhi",5811138.397996108,28.727225417540378,77.25674478992923,2021-07-13,2022-06-17,MGNREGA_MIS_EXTRAPOLATED
MGNREGA_MPLADS-2020-DL-0026,MGNREGA,DL,South Delhi,MGNREGA_GENERAL,CC road laying in South Delhi — connecting Badal nagar to main road,2896011.4786647577,28.546445414579072,77.21487464256798,2020-05-22,2021-03-01,MGNREGA_MIS_EXTRAPOLATED
MGNREGA_MPLADS-2021-OR-0025,MGNREGA,OR,Cuttack,MGNREGA_GENERAL,CC road laying in Cuttack — connecting Kamdar nagar to main road,2451556.2725421046,20.43757527166507,85.85697010498711,2021-12-12,2022-07-13,MGNREGA_MIS_EXTRAPOLATED
MGNREGA_MPLADS-2019-PB-0030,MGNREGA,PB,Amritsar,MGNREGA_GENERAL,CC road laying in Amritsar — connecting Natt nagar to main road,4388317.3651183965,31.613284179517063,74.89113347506039,2019-05-11,2020-07-13,MGNREGA_MIS_EXTRAPOLATED
MGNREGA_MPLADS-2021-RJ-0032,MGNREGA,RJ,Jaipur,MGNREGA_GENERAL,Construction of rural road connecting villages in Jaipur district,4122747.168138264,26.901199482318095,75.81034284834513,2021-07-30,2022-06-25,MGNREGA_MIS_EXTRAPOLATED
MGNREGA_MPLADS-2020-KA-0023,MGNREGA,KA,Mysuru,MGNREGA_GENERAL,CC road laying in Mysuru — connecting Ben nagar to main road,1343696.7622503557,12.312794383354078,76.66405289015776,2020-11-28,2020-12-14,MGNREGA_MIS_EXTRAPOLATED
MGNREGA_MPLADS-2023-UP-0016,MGNREGA,UP,Agra,MGNREGA_GENERAL,Construction of rural road connecting villages in Agra district,2831301.5265803207,27.15077951530683,78.02447263964781,2023-08-31,2024-07-22,MGNREGA_MIS_EXTRAPOLATED
MGNREGA_MPLADS-2023-OR-0026,MGNREGA,OR,Sambalpur,MGNREGA_GENERAL,CC road laying in Sambalpur — connecting Sagar nagar to main road,1165789.843164609,21.445410804436346,84.01077185918447,2023-04-22,2023-10-02,MGNREGA_MIS_EXTRAPOLATED
MGNREGA_MPLADS-2020-KA-0024,MGNREGA,KA,Mangaluru,MGNREGA_GENERAL,"Construction of community hall at Bora village, Mangaluru",2576247.274760198,12.919015417137604,74.85737721014249,2020-08-05,2021-01-03,MGNREGA_MIS_EXTRAPOLATED
MGNREGA_MPLADS-2019-TS-0023,MGNREGA,TS,Mahbubnagar,MGNREGA_GENERAL,Construction of rural road connecting villages in Mahbubnagar district,3238830.317606755,16.73681759455254,77.96018299475594,2019-04-13,2020-04-15,MGNREGA_MIS_EXTRAPOLATED
MGNREGA_MPLADS-2020-RJ-0033,MGNREGA,RJ,Bharatpur,MGNREGA_GENERAL,"Construction of community hall at Varghese village, Bharatpur",3118295.14251707,27.228210232320336,77.5214372572477,2020-06-29,2021-05-08,MGNREGA_MIS_EXTRAPOLATED
MGNREGA_MPLADS-2021-TN-0036,MGNREGA,TN,Erode,MGNREGA_GENERAL,"Construction of additional classrooms at Government School, Erode",4228982.060866283,11.322581785521367,77.74292385275837,2021-04-04,2021-12-25,MGNREGA_MIS_EXTRAPOLATED
MGNREGA_MPLADS-2022-UP-0017,MGNREGA,UP,Agra,MGNREGA_GENERAL,Construction of drainage channel in Agra district,926288.5959002357,27.201261055135564,77.99542262701114,2022-05-22,2023-01-16,MGNREGA_MIS_EXTRAPOLATED
MGNREGA_MPLADS-2020-GJ-0023,MGNREGA,GJ,Gandhinagar,MGNREGA_GENERAL,Construction of drainage channel in Gandhinagar district,1694920.6059121783,23.214909524731926,72.6459524846389,2020-07-06,2020-08-05,MGNREGA_MIS_EXTRAPOLATED
MGNREGA_MPLADS-2021-TN-0037,MGNREGA,TN,Madurai,MGNREGA_GENERAL,CC road laying in Madurai — connecting Mukhopadhyay nagar to main road,1976309.0214643215,9.910713408912105,78.0984346244474,2021-06-18,2022-05-12,MGNREGA_MIS_EXTRAPOLATED
MGNREGA_MPLADS-2023-HR-0034,MGNREGA,HR,Rohtak,MGNREGA_GENERAL,Construction of drainage channel in Rohtak district,607019.1598408921,28.873997579230664,76.62004484297792,2023-11-23,2024-10-27,MGNREGA_MIS_EXTRAPOLATED
MGNREGA_MPLADS-2020-HR-0035,MGNREGA,HR,Hisar,MGNREGA_GENERAL,"Construction of additional classrooms at Government School, Hisar",5097877.044764745,29.170344385465377,75.74253811046515,2020-09-28,2021-09-01,MGNREGA_MIS_EXTRAPOLATED
MGNREGA_MPLADS-2023-MH-0025,MGNREGA,MH,Aurangabad,MGNREGA_GENERAL,CC road laying in Aurangabad — connecting Sarma nagar to main road,3476294.308360331,19.868838924690213,75.36465046775739,2023-10-26,2024-09-03,MGNREGA_MIS_EXTRAPOLATED
MGNREGA_MPLADS-2021-TN-0038,MGNREGA,TN,Tiruchirappalli,MGNREGA_GENERAL,CC road laying in Tiruchirappalli — connecting Mishra nagar to main road,1158307.644995413,10.809390148971692,78.71369919965316,2021-12-13,2022-09-06,MGNREGA_MIS_EXTRAPOLATED
MGNREGA_MPLADS-2020-KA-0027,MGNREGA,KA,Davangere,MGNREGA_GENERAL,"Construction of additional classrooms at Government School, Davangere",6741365.192372951,14.483853660783742,75.93447297214516,2020-06-01,2020-07-31,MGNREGA_MIS_EXTRAPOLATED
MGNREGA_MPLADS-2022-TN-0041,MGNREGA,TN,Erode,MGNREGA_GENERAL,"Construction of additional classrooms at Government School, Erode",2629268.5620677895,11.358164255558002,77.69378087468043,2022-08-17,2023-06-06,MGNREGA_MIS_EXTRAPOLATED
MGNREGA_MPLADS-2022-GJ-0026,MGNREGA,GJ,Gandhinagar,MGNREGA_GENERAL,"Construction of additional classrooms at Government School, Gandhinagar",7072876.676184277,23.20230585346751,72.61594221332312,2022-06-01,2022-07-31,MGNREGA_MIS_EXTRAPOLATED
MGNREGA_MPLADS-2020-TN-0042,MGNREGA,TN,Erode,MGNREGA_GENERAL,"Construction of additional classrooms at Government School, Erode",5301912.445598254,11.321501667564414,77.7010765228614,2020-08-16,2020-12-21,MGNREGA_MIS_EXTRAPOLATED
MGNREGA_MPLADS-2019-OR-0028,MGNREGA,OR,Bhubaneswar,MGNREGA_GENERAL,Construction of drainage channel in Bhubaneswar district,1711307.543079395,20.309679657591257,85.81776847569255,2019-05-10,2020-06-23,MGNREGA_MIS_EXTRAPOLATED
MGNREGA_MPLADS-2020-PB-0034,MGNREGA,PB,Bathinda,MGNREGA_GENERAL,"Construction of community hall at Kapur village, Bathinda",22475387.95897452,30.230974772639183,74.95525927800935,2020-06-07,2021-05-20,MGNREGA_MIS_EXTRAPOLATED
MGNREGA_MPLADS-2021-RJ-0039,MGNREGA,RJ,Udaipur,MGNREGA_GENERAL,Construction of rural road connecting villages in Udaipur district,3011362.2196008386,24.611525501986602,73.71985888950502,2021-06-16,2022-08-04,MGNREGA_MIS_EXTRAPOLATED
MGNREGA_MPLADS-2020-DL-0027,MGNREGA,DL,Northeast Delhi,MGNREGA_GENERAL,CC road laying in Northeast Delhi — connecting Batra nagar to main road,1954914.2723820559,28.695198870693144,77.2542865473483,2020-12-06,2021-11-17,MGNREGA_MIS_EXTRAPOLATED
MGNREGA_MPLADS-2023-TS-0025,MGNREGA,TS,Nizamabad,MGNREGA_GENERAL,"Construction of community hall at Sathe village, Nizamabad",8803389.846549764,18.698075949660723,78.11927906291953,2023-06-24,2023-10-01,MGNREGA_MIS_EXTRAPOLATED
MGNREGA_MPLADS-2020-WB-0022,MGNREGA,WB,Malda,MGNREGA_GENERAL,"Construction of community hall at Iyer village, Malda",3334260.0564693874,24.985289392406973,88.14350217654123,2020-08-12,2020-12-11,MGNREGA_MIS_EXTRAPOLATED
MGNREGA_MPLADS-2022-DL-0028,MGNREGA,DL,Central Delhi,MGNREGA_GENERAL,"Construction of additional classrooms at Government School, Central Delhi",2383762.1036814027,28.651016204109034,77.2282246985378,2022-08-11,2022-11-22,MGNREGA_MIS_EXTRAPOLATED
MGNREGA_MPLADS-2022-MH-0026,MGNREGA,MH,Kolhapur,MGNREGA_GENERAL,"Construction of additional classrooms at Government School, Kolhapur",2422263.370250997,16.70218680273762,74.22647251296183,2022-12-13,2023-10-02,MGNREGA_MIS_EXTRAPOLATED
MGNREGA_MPLADS-2020-WB-0023,MGNREGA,WB,Bardhaman,MGNREGA_GENERAL,Construction of drainage channel in Bardhaman district,1282738.2294039784,23.2287542303688,87.85278629278237,2020-10-14,2021-07-11,MGNREGA_MIS_EXTRAPOLATED
MGNREGA_MPLADS-2022-TS-0026,MGNREGA,TS,Mahbubnagar,MGNREGA_GENERAL,Construction of rural road connecting villages in Mahbubnagar district,2645368.8583818483,16.757689273566942,78.01208065400445,2022-12-27,2023-11-12,MGNREGA_MIS_EXTRAPOLATED
MGNREGA_MPLADS-2020-RJ-0040,MGNREGA,RJ,Bikaner,MGNREGA_GENERAL,"Construction of community hall at Brahmbhatt village, Bikaner",8602412.71476515,28.0246076273551,73.33784375188614,2020-08-13,2021-03-08,MGNREGA_MIS_EXTRAPOLATED
MGNREGA_MPLADS-2021-DL-0029,MGNREGA,DL,South Delhi,MGNREGA_GENERAL,"Construction of community hall at Peri village, South Delhi",2936519.9488805924,28.506513931464852,77.1867360609138,2021-04-04,2022-02-15,MGNREGA_MIS_EXTRAPOLATED
MGNREGA_MPLADS-2019-HR-0038,MGNREGA,HR,Gurugram,MGNREGA_GENERAL,CC road laying in Gurugram — connecting Narasimhan nagar to main road,3307556.9472693712,28.446920549022696,76.99798123820541,2019-05-31,2020-04-25,MGNREGA_MIS_EXTRAPOLATED
MGNREGA_MPLADS-2020-TN-0044,MGNREGA,TN,Tiruchirappalli,MGNREGA_GENERAL,"Construction of community hall at Bhavsar village, Tiruchirappalli",4333852.110274562,10.791651856646036,78.67514548590233,2020-09-21,2021-06-24,MGNREGA_MIS_EXTRAPOLATED
MGNREGA_MPLADS-2022-GJ-0029,MGNREGA,GJ,Ahmedabad,MGNREGA_GENERAL,"Construction of community hall at Panchal village, Ahmedabad",3390112.8967752545,23.029402350235227,72.57035967074741,2022-10-28,2023-05-17,MGNREGA_MIS_EXTRAPOLATED
MGNREGA_MPLADS-2021-RJ-0041,MGNREGA,RJ,Alwar,MGNREGA_GENERAL,"Construction of community hall at Zachariah village, Alwar",17096939.33590861,27.524449899688094,76.64681663477798,2021-07-10,2021-12-06,MGNREGA_MIS_EXTRAPOLATED
MGNREGA_MPLADS-2019-DL-0031,MGNREGA,DL,New Delhi,MGNREGA_GENERAL,CC road laying in New Delhi — connecting Pathak nagar to main road,3511403.991981353,28.64315595795664,77.23113461205097,2019-11-27,2020-08-07,MGNREGA_MIS_EXTRAPOLATED
MGNREGA_MPLADS-2022-BR-0041,MGNREGA,BR,Patna,MGNREGA_GENERAL,"Construction of additional classrooms at Government School, Patna",4190431.1136982027,25.61318834680091,85.15134945483499,2022-08-28,2023-06-18,MGNREGA_MIS_EXTRAPOLATED
MGNREGA_MPLADS-2020-KA-0031,MGNREGA,KA,Davangere,MGNREGA_GENERAL,"Construction of additional classrooms at Government School, Davangere",5368926.4237777395,14.464088293923716,75.92620635050064,2020-08-30,2021-04-27,MGNREGA_MIS_EXTRAPOLATED
MGNREGA_MPLADS-2022-GJ-0030,MGNREGA,GJ,Gandhinagar,MGNREGA_GENERAL,CC road laying in Gandhinagar — connecting Dhingra nagar to main road,2306390.897661223,23.214532977553194,72.61233654302495,2022-12-06,2023-08-24,MGNREGA_MIS_EXTRAPOLATED
MGNREGA_MPLADS-2019-HR-0041,MGNREGA,HR,Gurugram,MGNREGA_GENERAL,Construction of rural road connecting villages in Gurugram district,1420674.3818517553,28.44207047237597,77.00141500644115,2019-11-14,2020-08-18,MGNREGA_MIS_EXTRAPOLATED
MGNREGA_MPLADS-2019-PB-0036,MGNREGA,PB,Jalandhar,MGNREGA_GENERAL,Construction of rural road connecting villages in Jalandhar district,1717191.2783094298,31.298260582475113,75.55290345331242,2019-09-06,2020-09-21,MGNREGA_MIS_EXTRAPOLATED
MGNREGA_MPLADS-2019-PB-0037,MGNREGA,PB,Amritsar,MGNREGA_GENERAL,CC road laying in Amritsar — connecting Lall nagar to main road,988535.1702432381,31.61661218335583,74.86320761077404,2019-04-21,2019-09-28,MGNREGA_MIS_EXTRAPOLATED
MGNREGA_MPLADS-2023-BR-0043,MGNREGA,BR,Darbhanga,MGNREGA_GENERAL,"Construction of community hall at Rattan village, Darbhanga",4355991.41010822,26.15016349897921,85.8653275203376,2023-08-08,2024-03-07,MGNREGA_MIS_EXTRAPOLATED
MGNREGA_MPLADS-2021-GJ-0031,MGNREGA,GJ,Mehsana,MGNREGA_GENERAL,"Construction of additional classrooms at Government School, Mehsana",5869597.3534371685,23.589287153639624,72.34829584656104,2021-06-22,2021-11-20,MGNREGA_MIS_EXTRAPOLATED
MGNREGA_MPLADS-2019-UP-0020,MGNREGA,UP,Allahabad,MGNREGA_GENERAL,"Construction of community hall at Aurora village, Allahabad",5565303.404289496,25.433289279484807,81.86936915607524,2019-10-15,2020-07-29,MGNREGA_MIS_EXTRAPOLATED
