pmgsy_work_id,scheme,state_code,district_name,road_name,road_length_km,sanction_cost_lakhs,start_lat,start_lon,implementing_agency,sanction_year,status
PMGSY-PHASE-IV-1001,PMGSY,OR,Cuttack,PMGSY Road to Cuttack Habit #1,1.41,9.41,20.441149195883106,85.8996120027606,State Rural Roads Development Agency (SRRDA),2023-2024,COMPLETED
PMGSY-PHASE-IV-1002,PMGSY,RJ,Ajmer,PMGSY Road to Ajmer Habit #2,3.44,34.65,26.42935583094509,74.64140169058791,State Rural Roads Development Agency (SRRDA),2023-2024,COMPLETED
PMGSY-PHASE-IV-1003,PMGSY,AP,Nellore,PMGSY Road to Nellore Habit #3,5.25,35.96,14.432164631585305,80.00576981686261,State Rural Roads Development Agency (SRRDA),2023-2024,COMPLETED
PMGSY-PHASE-IV-1004,PMGSY,AP,Kadapa,PMGSY Road to Kadapa Habit #4,8.25,30.04,14.447245677207981,78.8494568052856,State Rural Roads Development Agency (SRRDA),2023-2024,COMPLETED
PMGSY-PHASE-IV-1005,PMGSY,RJ,Kota,PMGSY Road to Kota Habit #5,6.52,33.12,25.18885068430099,75.85901064526688,State Rural Roads Development Agency (SRRDA),2023-2024,COMPLETED
PMGSY-PHASE-IV-1006,PMGSY,HR,Rohtak,PMGSY Road to Rohtak Habit #6,1.55,20.49,28.87225591898634,76.5791536024226,State Rural Roads Development Agency (SRRDA),2023-2024,COMPLETED
PMGSY-PHASE-IV-1007,PMGSY,RJ,Ajmer,PMGSY Road to Ajmer Habit #7,5.0,32.33,26.438060902278412,74.64788295370346,State Rural Roads Development Agency (SRRDA),2023-2024,COMPLETED
PMGSY-PHASE-IV-1008,PMGSY,RJ,Ajmer,PMGSY Road to Ajmer Habit #8,7.87,30.64,26.443204457174808,74.63362588531669,State Rural Roads Development Agency (SRRDA),2023-2024,COMPLETED
PMGSY-PHASE-IV-1009,PMGSY,HR,Rohtak,PMGSY Road to Rohtak Habit #9,8.16,17.48,28.89330899349208,76.59177167302846,State Rural Roads Development Agency (SRRDA),2023-2024,COMPLETED
PMGSY-PHASE-IV-1010,PMGSY,RJ,Ajmer,PMGSY Road to Ajmer Habit #10,5.13,16.69,26.438795299448955,74.6331908331366,State Rural Roads Development Agency (SRRDA),2023-2024,COMPLETED
PMGSY-PHASE-IV-1011,PMGSY,MH,Pune,PMGSY Road to Pune Habit #11,6.32,34.47,18.503891439439293,73.86810854247948,State Rural Roads Development Agency (SRRDA),2023-2024,COMPLETED
PMGSY-PHASE-IV-1012,PMGSY,KA,Bengaluru,PMGSY Road to Bengaluru Habit #12,6.11,11.74,12.985078680902696,77.59202671763468,State Rural Roads Development Agency (SRRDA),2023-2024,COMPLETED
PMGSY-PHASE-IV-1013,PMGSY,HR,Panipat,PMGSY Road to Panipat Habit #13,6.17,37.96,29.36160411340983,76.99306290566662,State Rural Roads Development Agency (SRRDA),2023-2024,COMPLETED
PMGSY-PHASE-IV-1014,PMGSY,RJ,Ajmer,PMGSY Road to Ajmer Habit #14,5.4,18.12,26.4469301900833,74.6660718098105,State Rural Roads Development Agency (SRRDA),2023-2024,COMPLETED
PMGSY-PHASE-IV-1015,PMGSY,PB,Patiala,PMGSY Road to Patiala Habit #15,1.59,30.03,30.359200350141403,76.36591402870478,State Rural Roads Development Agency (SRRDA),2023-2024,COMPLETED
PMGSY-PHASE-IV-1016,PMGSY,TN,Erode,PMGSY Road to Erode Habit #16,8.13,8.66,11.340027104394538,77.70393276197387,State Rural Roads Development Agency (SRRDA),2023-2024,COMPLETED
PMGSY-PHASE-IV-1017,PMGSY,UP,Meerut,PMGSY Road to Meerut Habit #17,3.57,10.61,29.00808335802686,77.71561186709305,State Rural Roads Development Agency (SRRDA),2023-2024,COMPLETED
PMGSY-PHASE-IV-1018,PMGSY,PB,Jalandhar,PMGSY Road to Jalandhar Habit #18,7.13,17.26,31.320053302989187,75.55721297595845,State Rural Roads Development Agency (SRRDA),2023-2024,COMPLETED
PMGSY-PHASE-IV-1019,PMGSY,MP,Ujjain,PMGSY Road to Ujjain Habit #19,5.99,29.78,23.14965530311043,75.78237370683068,State Rural Roads Development Agency (SRRDA),2023-2024,COMPLETED
PMGSY-PHASE-IV-1020,PMGSY,PB,Ludhiana,PMGSY Road to Ludhiana Habit #20,6.66,23.98,30.930179773556603,75.85728887019627,State Rural Roads Development Agency (SRRDA),2023-2024,COMPLETED
PMGSY-PHASE-IV-1021,PMGSY,AP,Guntur,PMGSY Road to Guntur Habit #21,6.27,21.72,16.30525356554993,80.44656172611273,State Rural Roads Development Agency (SRRDA),2023-2024,COMPLETED
PMGSY-PHASE-IV-1022,PMGSY,BR,Gaya,PMGSY Road to Gaya Habit #22,3.38,18.71,24.7728260833811,85.0127105828618,State Rural Roads Development Agency (SRRDA),2023-2024,COMPLETED
PMGSY-PHASE-IV-1023,PMGSY,PB,Jalandhar,PMGSY Road to Jalandhar Habit #23,1.78,22.1,31.345944506656327,75.55871191407236,State Rural Roads Development Agency (SRRDA),2023-2024,COMPLETED
PMGSY-PHASE-IV-1024,PMGSY,TN,Tirunelveli,PMGSY Road to Tirunelveli Habit #24,1.3,42.93,8.734092540110895,77.78493382579569,State Rural Roads Development Agency (SRRDA),2023-2024,COMPLETED
PMGSY-PHASE-IV-1025,PMGSY,RJ,Udaipur,PMGSY Road to Udaipur Habit #25,6.39,14.95,24.571654813238187,73.74055499753523,State Rural Roads Development Agency (SRRDA),2023-2024,COMPLETED
PMGSY-PHASE-IV-1026,PMGSY,WB,Kolkata,PMGSY Road to Kolkata Habit #26,4.21,18.14,22.589483693994318,88.35612737030358,State Rural Roads Development Agency (SRRDA),2023-2024,COMPLETED
PMGSY-PHASE-IV-1027,PMGSY,UP,Agra,PMGSY Road to Agra Habit #27,2.28,31.87,27.172806507928573,78.00166567102285,State Rural Roads Development Agency (SRRDA),2023-2024,COMPLETED
PMGSY-PHASE-IV-1028,PMGSY,TN,Salem,PMGSY Road to Salem Habit #28,6.56,11.35,11.648632168151384,78.15685430279355,State Rural Roads Development Agency (SRRDA),2023-2024,COMPLETED
PMGSY-PHASE-IV-1029,PMGSY,PB,Patiala,PMGSY Road to Patiala Habit #29,8.08,28.08,30.337202962482642,76.38106559381615,State Rural Roads Development Agency (SRRDA),2023-2024,COMPLETED
PMGSY-PHASE-IV-1030,PMGSY,GJ,Bhavnagar,PMGSY Road to Bhavnagar Habit #30,6.75,22.5,21.76641539316398,72.16847132118481,State Rural Roads Development Agency (SRRDA),2023-2024,COMPLETED
PMGSY-PHASE-IV-1031,PMGSY,BR,Gaya,PMGSY Road to Gaya Habit #31,7.37,21.06,24.788600563751896,85.02853778941979,State Rural Roads Development Agency (SRRDA),2023-2024,COMPLETED
PMGSY-PHASE-IV-1032,PMGSY,TN,Salem,PMGSY Road to Salem Habit #32,2.95,9.67,11.635210940357025,78.1419697929928,State Rural Roads Development Agency (SRRDA),2023-2024,COMPLETED
PMGSY-PHASE-IV-1033,PMGSY,GJ,Anand,PMGSY Road to Anand Habit #33,3.84,25.23,22.555471317602347,72.92027334905369,State Rural Roads Development Agency (SRRDA),2023-2024,COMPLETED
PMGSY-PHASE-IV-1034,PMGSY,DL,Central Delhi,PMGSY Road to Central Delhi Habit #34,1.37,34.62,28.64548575480143,77.1983619382516,State Rural Roads Development Agency (SRRDA),2023-2024,COMPLETED
PMGSY-PHASE-IV-1035,PMGSY,WB,Asansol,PMGSY Road to Asansol Habit #35,7.71,25.06,23.696182723683194,86.92332426406297,State Rural Roads Development Agency (SRRDA),2023-2024,COMPLETED
PMGSY-PHASE-IV-1036,PMGSY,PB,Pathankot,PMGSY Road to Pathankot Habit #36,6.39,16.82,32.273677320353094,75.64860254885555,State Rural Roads Development Agency (SRRDA),2023-2024,COMPLETED
PMGSY-PHASE-IV-1037,PMGSY,KA,Mangaluru,PMGSY Road to Mangaluru Habit #37,7.84,33.5,12.903985869889148,74.86709851809704,State Rural Roads Development Agency (SRRDA),2023-2024,COMPLETED
PMGSY-PHASE-IV-1038,PMGSY,PB,Moga,PMGSY Road to Moga Habit #38,3.0,18.41,30.80617906068485,75.17735790271318,State Rural Roads Development Agency (SRRDA),2023-2024,COMPLETED
PMGSY-PHASE-IV-1039,PMGSY,OR,Cuttack,PMGSY Road to Cuttack Habit #39,3.22,23.77,20.440236528983476,85.90875512356564,State Rural Roads Development Agency (SRRDA),2023-2024,COMPLETED
PMGSY-PHASE-IV-1040,PMGSY,OR,Cuttack,PMGSY Road to Cuttack Habit #40,1.65,9.99,20.44773198678805,85.89427777313936,State Rural Roads Development Agency (SRRDA),2023-2024,COMPLETED
PMGSY-PHASE-IV-1041,PMGSY,DL,North Delhi,PMGSY Road to North Delhi Habit #41,5.19,20.51,28.732751481818617,77.1384361462577,State Rural Roads Development Agency (SRRDA),2023-2024,COMPLETED
PMGSY-PHASE-IV-1042,PMGSY,HR,Hisar,PMGSY Road to Hisar Habit #42,5.81,28.62,29.172541640442404,75.73538895618933,State Rural Roads Development Agency (SRRDA),2023-2024,COMPLETED
PMGSY-PHASE-IV-1043,PMGSY,RJ,Jodhpur,PMGSY Road to Jodhpur Habit #43,7.04,39.39,26.25686714265749,73.03970348616645,State Rural Roads Development Agency (SRRDA),2023-2024,COMPLETED
PMGSY-PHASE-IV-1044,PMGSY,HR,Karnal,PMGSY Road to Karnal Habit #44,1.82,18.99,29.68520787140535,76.9891278149952,State Rural Roads Development Agency (SRRDA),2023-2024,COMPLETED
PMGSY-PHASE-IV-1045,PMGSY,MP,Gwalior,PMGSY Road to Gwalior Habit #45,7.7,20.04,26.216846497651236,78.16481721926266,State Rural Roads Development Agency (SRRDA),2023-2024,COMPLETED
PMGSY-PHASE-IV-1046,PMGSY,UP,Meerut,PMGSY Road to Meerut Habit #46,2.39,24.68,28.96624788163388,77.7220215858174,State Rural Roads Development Agency (SRRDA),2023-2024,COMPLETED
PMGSY-PHASE-IV-1047,PMGSY,RJ,Bikaner,PMGSY Road to Bikaner Habit #47,2.86,13.84,28.026871313630917,73.3180035659836,State Rural Roads Development Agency (SRRDA),2023-2024,COMPLETED
PMGSY-PHASE-IV-1048,PMGSY,MH,Aurangabad,PMGSY Road to Aurangabad Habit #48,5.61,19.59,19.849615555658104,75.36695243160275,State Rural Roads Development Agency (SRRDA),2023-2024,COMPLETED
PMGSY-PHASE-IV-1049,PMGSY,TN,Tirunelveli,PMGSY Road to Tirunelveli Habit #49,5.89,30.45,8.711140436682966,77.77594294560298,State Rural Roads Development Agency (SRRDA),2023-2024,COMPLETED
PMGSY-PHASE-IV-1050,PMGSY,RJ,Bharatpur,PMGSY Road to Bharatpur Habit #50,1.24,14.17,27.208191583177726,77.50539169538057,State Rural Roads Development Agency (SRRDA),2023-2024,COMPLETED
PMGSY-PHASE-IV-1051,PMGSY,DL,Central Delhi,PMGSY Road to Central Delhi Habit #51,5.81,10.95,28.62795914568711,77.18730193566753,State Rural Roads Development Agency (SRRDA),2023-2024,COMPLETED
PMGSY-PHASE-IV-1052,PMGSY,TN,Tiruchirappalli,PMGSY Road to Tiruchirappalli Habit #52,3.91,17.83,10.76501565199757,78.73017663804244,State Rural Roads Development Agency (SRRDA),2023-2024,COMPLETED
PMGSY-PHASE-IV-1053,PMGSY,HR,Gurugram,PMGSY Road to Gurugram Habit #53,8.37,28.47,28.464495286048127,77.00893922285326,State Rural Roads Development Agency (SRRDA),2023-2024,COMPLETED
PMGSY-PHASE-IV-1054,PMGSY,RJ,Jodhpur,PMGSY Road to Jodhpur Habit #54,1.69,15.49,26.22596277858244,73.02858714769687,State Rural Roads Development Agency (SRRDA),2023-2024,COMPLETED
PMGSY-PHASE-IV-1055,PMGSY,AP,Nellore,PMGSY Road to Nellore Habit #55,6.2,25.72,14.459758858337235,79.99175220783853,State Rural Roads Development Agency (SRRDA),2023-2024,COMPLETED
PMGSY-PHASE-IV-1056,PMGSY,PB,Ludhiana,PMGSY Road to Ludhiana Habit #56,7.5,15.04,30.90704941436322,75.82792698652963,State Rural Roads Development Agency (SRRDA),2023-2024,COMPLETED
PMGSY-PHASE-IV-1057,PMGSY,TS,Suryapet,PMGSY Road to Suryapet Habit #57,1.97,24.95,17.120699743906172,79.63416047104282,State Rural Roads Development Agency (SRRDA),2023-2024,COMPLETED
PMGSY-PHASE-IV-1058,PMGSY,KA,Bengaluru,PMGSY Road to Bengaluru Habit #58,3.89,24.09,12.954313320750659,77.58116208797104,State Rural Roads Development Agency (SRRDA),2023-2024,COMPLETED
PMGSY-PHASE-IV-1059,PMGSY,AP,Anantapur,PMGSY Road to Anantapur Habit #59,2.55,11.96,14.69472571407653,77.62297624674383,State Rural Roads Development Agency (SRRDA),2023-2024,COMPLETED
PMGSY-PHASE-IV-1060,PMGSY,MH,Thane,PMGSY Road to Thane Habit #60,6.24,19.0,19.22193851108311,72.95465855987098,State Rural Roads Development Agency (SRRDA),2023-2024,COMPLETED
PMGSY-PHASE-IV-1061,PMGSY,MP,Satna,PMGSY Road to Satna Habit #61,6.99,17.63,24.55331238711119,80.84257422329009,State Rural Roads Development Agency (SRRDA),2023-2024,COMPLETED
PMGSY-PHASE-IV-1062,PMGSY,DL,South Delhi,PMGSY Road to South Delhi Habit #62,2.9,42.56,28.54792608872337,77.21426659440692,State Rural Roads Development Agency (SRRDA),2023-2024,COMPLETED
PMGSY-PHASE-IV-1063,PMGSY,OR,Cuttack,PMGSY Road to Cuttack Habit #63,1.43,23.12,20.440430351151655,85.85843346076796,State Rural Roads Development Agency (SRRDA),2023-2024,COMPLETED
PMGSY-PHASE-IV-1064,PMGSY,PB,Amritsar,PMGSY Road to Amritsar Habit #64,1.37,32.41,31.611810319607706,74.89081242343201,State Rural Roads Development Agency (SRRDA),2023-2024,COMPLETED
PMGSY-PHASE-IV-1065,PMGSY,RJ,Jaipur,PMGSY Road to Jaipur Habit #65,5.4,35.7,26.902772669480846,75.81091787038864,State Rural Roads Development Agency (SRRDA),2023-2024,COMPLETED
PMGSY-PHASE-IV-1066,PMGSY,KA,Mysuru,PMGSY Road to Mysuru Habit #66,6.81,17.78,12.314991552221317,76.66320054033365,State Rural Roads Development Agency (SRRDA),2023-2024,COMPLETED
PMGSY-PHASE-IV-1067,PMGSY,UP,Agra,PMGSY Road to Agra Habit #67,5.37,21.2,27.148317473292746,78.02727771188353,State Rural Roads Development Agency (SRRDA),2023-2024,COMPLETED
PMGSY-PHASE-IV-1068,PMGSY,OR,Sambalpur,PMGSY Road to Sambalpur Habit #68,4.07,17.08,21.443837638695022,84.0082986737793,State Rural Roads Development Agency (SRRDA),2023-2024,COMPLETED
PMGSY-PHASE-IV-1069,PMGSY,TS,Mahbubnagar,PMGSY Road to Mahbubnagar Habit #69,6.08,36.55,16.737486685302255,77.96016567828946,State Rural Roads Development Agency (SRRDA),2023-2024,COMPLETED
PMGSY-PHASE-IV-1070,PMGSY,TN,Madurai,PMGSY Road to Madurai Habit #70,1.69,23.55,9.909987922608256,78.09894186390014,State Rural Roads Development Agency (SRRDA),2023-2024,COMPLETED
PMGSY-PHASE-IV-1071,PMGSY,MH,Aurangabad,PMGSY Road to Aurangabad Habit #71,5.2,23.82,19.868781307602315,75.3652532883486,State Rural Roads Development Agency (SRRDA),2023-2024,COMPLETED
PMGSY-PHASE-IV-1072,PMGSY,TN,Tiruchirappalli,PMGSY Road to Tiruchirappalli Habit #72,3.69,10.44,10.80681578226278,78.71081212503614,State Rural Roads Development Agency (SRRDA),2023-2024,COMPLETED
PMGSY-PHASE-IV-1073,PMGSY,RJ,Udaipur,PMGSY Road to Udaipur Habit #73,3.08,26.83,24.612423125493567,73.71967046733532,State Rural Roads Development Agency (SRRDA),2023-2024,COMPLETED
PMGSY-PHASE-IV-1074,PMGSY,DL,Northeast Delhi,PMGSY Road to Northeast Delhi Habit #74,6.95,18.14,28.693979529587043,77.25379294698675,State Rural Roads Development Agency (SRRDA),2023-2024,COMPLETED
PMGSY-PHASE-IV-1075,PMGSY,TS,Mahbubnagar,PMGSY Road to Mahbubnagar Habit #75,3.55,21.05,16.75610184329689,78.01272965718584,State Rural Roads Development Agency (SRRDA),2023-2024,COMPLETED
PMGSY-PHASE-IV-1076,PMGSY,HR,Gurugram,PMGSY Road to Gurugram Habit #76,2.07,30.1,28.44648004170546,76.99719063539524,State Rural Roads Development Agency (SRRDA),2023-2024,COMPLETED
PMGSY-PHASE-IV-1077,PMGSY,DL,New Delhi,PMGSY Road to New Delhi Habit #77,8.05,36.81,28.642148160802506,77.2299059589479,State Rural Roads Development Agency (SRRDA),2023-2024,COMPLETED
PMGSY-PHASE-IV-1078,PMGSY,GJ,Gandhinagar,PMGSY Road to Gandhinagar Habit #78,5.64,18.9,23.215897121629393,72.61185745805774,State Rural Roads Development Agency (SRRDA),2023-2024,COMPLETED
PMGSY-PHASE-IV-1079,PMGSY,HR,Gurugram,PMGSY Road to Gurugram Habit #79,3.25,12.35,28.443061437619406,77.00153778383651,State Rural Roads Development Agency (SRRDA),2023-2024,COMPLETED
PMGSY-PHASE-IV-1080,PMGSY,PB,Jalandhar,PMGSY Road to Jalandhar Habit #80,7.66,25.39,31.29914296767166,75.55486833202286,State Rural Roads Development Agency (SRRDA),2023-2024,COMPLETED
PMGSY-PHASE-IV-1081,PMGSY,PB,Amritsar,PMGSY Road to Amritsar Habit #81,7.2,12.7,31.6177217217707,74.86340188246481,State Rural Roads Development Agency (SRRDA),2023-2024,COMPLETED
PMGSY-PHASE-IV-1082,PMGSY,BR,Purnia,PMGSY Road to Purnia Habit #82,5.95,30.44,25.764296877300158,87.48950700540901,State Rural Roads Development Agency (SRRDA),2023-2024,COMPLETED
PMGSY-PHASE-IV-1083,PMGSY,TS,Suryapet,PMGSY Road to Suryapet Habit #83,2.1,34.92,17.149496902042028,79.6302857396101,State Rural Roads Development Agency (SRRDA),2023-2024,COMPLETED
PMGSY-PHASE-IV-1084,PMGSY,BR,Muzaffarpur,PMGSY Road to Muzaffarpur Habit #84,6.04,35.44,26.121789638422168,85.33587910916584,State Rural Roads Development Agency (SRRDA),2023-2024,COMPLETED
PMGSY-PHASE-IV-1085,PMGSY,RJ,Bharatpur,PMGSY Road to Bharatpur Habit #85,4.85,20.85,27.22654027602587,77.47792298982418,State Rural Roads Development Agency (SRRDA),2023-2024,COMPLETED
PMGSY-PHASE-IV-1086,PMGSY,WB,Murshidabad,PMGSY Road to Murshidabad Habit #86,4.34,13.54,24.197859901052265,88.25352894439656,State Rural Roads Development Agency (SRRDA),2023-2024,COMPLETED
PMGSY-PHASE-IV-1087,PMGSY,RJ,Kota,PMGSY Road to Kota Habit #87,7.51,37.85,25.236517001719616,75.85233570779974,State Rural Roads Development Agency (SRRDA),2023-2024,COMPLETED
PMGSY-PHASE-IV-1088,PMGSY,DL,East Delhi,PMGSY Road to East Delhi Habit #88,2.08,18.39,28.601138688376118,77.26042969436875,State Rural Roads Development Agency (SRRDA),2023-2024,COMPLETED
PMGSY-PHASE-IV-1089,PMGSY,TS,Hyderabad,PMGSY Road to Hyderabad Habit #89,3.42,30.16,17.403602299423987,78.46621627483788,State Rural Roads Development Agency (SRRDA),2023-2024,COMPLETED
PMGSY-PHASE-IV-1090,PMGSY,AP,Guntur,PMGSY Road to Guntur Habit #90,6.09,12.55,16.31262882500464,80.46068522676104,State Rural Roads Development Agency (SRRDA),2023-2024,COMPLETED
PMGSY-PHASE-IV-1091,PMGSY,TS,Suryapet,PMGSY Road to Suryapet Habit #91,7.45,8.11,17.128236191543923,79.60533527151104,State Rural Roads Development Agency (SRRDA),2023-2024,COMPLETED
PMGSY-PHASE-IV-1092,PMGSY,PB,Jalandhar,PMGSY Road to Jalandhar Habit #92,8.29,9.64,31.352576672930873,75.56049821633493,State Rural Roads Development Agency (SRRDA),2023-2024,COMPLETED
PMGSY-PHASE-IV-1093,PMGSY,PB,Amritsar,PMGSY Road to Amritsar Habit #93,4.75,24.49,31.61316082868248,74.84746891876891,State Rural Roads Development Agency (SRRDA),2023-2024,COMPLETED
PMGSY-PHASE-IV-1094,PMGSY,MP,Sagar,PMGSY Road to Sagar Habit #94,7.44,10.61,23.83724584980011,78.75796237016516,State Rural Roads Development Agency (SRRDA),2023-2024,COMPLETED
PMGSY-PHASE-IV-1095,PMGSY,TN,Erode,PMGSY Road to Erode Habit #95,7.55,22.69,11.34935795630813,77.69990592868248,State Rural Roads Development Agency (SRRDA),2023-2024,COMPLETED
PMGSY-PHASE-IV-1096,PMGSY,BR,Purnia,PMGSY Road to Purnia Habit #96,7.51,14.91,25.80828630675731,87.45759945347142,State Rural Roads Development Agency (SRRDA),2023-2024,COMPLETED
PMGSY-PHASE-IV-1097,PMGSY,MH,Thane,PMGSY Road to Thane Habit #97,3.8,15.83,19.21951165278766,73.0000055436854,State Rural Roads Development Agency (SRRDA),2023-2024,COMPLETED
PMGSY-PHASE-IV-1098,PMGSY,BR,Purnia,PMGSY Road to Purnia Habit #98,1.21,30.59,25.770208597768605,87.46037216634448,State Rural Roads Development Agency (SRRDA),2023-2024,COMPLETED
PMGSY-PHASE-IV-1099,PMGSY,GJ,Anand,PMGSY Road to Anand Habit #99,5.71,26.57,22.537494806417406,72.92953943159338,State Rural Roads Development Agency (SRRDA),2023-2024,COMPLETED
PMGSY-PHASE-IV-1100,PMGSY,AP,Kadapa,PMGSY Road to Kadapa Habit #100,6.18,24.33,14.455236015633497,78.8252339575394,State Rural Roads Development Agency (SRRDA),2023-2024,COMPLETED
PMGSY-PHASE-IV-1101,PMGSY,TN,Tirunelveli,PMGSY Road to Tirunelveli Habit #101,1.4,20.55,8.685991126423414,77.73910695198548,State Rural Roads Development Agency (SRRDA),2023-2024,COMPLETED
PMGSY-PHASE-IV-1102,PMGSY,DL,North Delhi,PMGSY Road to North Delhi Habit #102,5.23,23.74,28.765271923990902,77.09457250947838,State Rural Roads Development Agency (SRRDA),2023-2024,COMPLETED
PMGSY-PHASE-IV-1103,PMGSY,TN,Salem,PMGSY Road to Salem Habit #103,7.35,21.13,11.651819992185024,78.12512911226669,State Rural Roads Development Agency (SRRDA),2023-2024,COMPLETED
PMGSY-PHASE-IV-1104,PMGSY,RJ,Jaipur,PMGSY Road to Jaipur Habit #104,4.84,11.6,26.89089955808571,75.77050785597693,State Rural Roads Development Agency (SRRDA),2023-2024,COMPLETED
PMGSY-PHASE-IV-1105,PMGSY,PB,Amritsar,PMGSY Road to Amritsar Habit #105,8.04,31.99,31.64785212296121,74.86228928360252,State Rural Roads Development Agency (SRRDA),2023-2024,COMPLETED
PMGSY-PHASE-IV-1106,PMGSY,TN,Coimbatore,PMGSY Road to Coimbatore Habit #106,4.95,21.5,11.004393171527557,76.92570132598455,State Rural Roads Development Agency (SRRDA),2023-2024,COMPLETED
PMGSY-PHASE-IV-1107,PMGSY,PB,Patiala,PMGSY Road to Patiala Habit #107,4.33,9.4,30.35197143715955,76.35908281935853,State Rural Roads Development Agency (SRRDA),2023-2024,COMPLETED
PMGSY-PHASE-IV-1108,PMGSY,HR,Ambala,PMGSY Road to Ambala Habit #108,3.08,21.8,30.399658824532544,76.7815488313313,State Rural Roads Development Agency (SRRDA),2023-2024,COMPLETED
PMGSY-PHASE-IV-1109,PMGSY,AP,Kurnool,PMGSY Road to Kurnool Habit #109,7.32,20.11,15.831996774669049,78.03163640133742,State Rural Roads Development Agency (SRRDA),2023-2024,COMPLETED
PMGSY-PHASE-IV-1110,PMGSY,OR,Bhubaneswar,PMGSY Road to Bhubaneswar Habit #110,7.22,24.6,20.271888072212818,85.8064865187764,State Rural Roads Development Agency (SRRDA),2023-2024,COMPLETED
PMGSY-PHASE-IV-1111,PMGSY,GJ,Bhavnagar,PMGSY Road to Bhavnagar Habit #111,7.65,21.95,21.77480607820499,72.12659031596445,State Rural Roads Development Agency (SRRDA),2023-2024,COMPLETED
PMGSY-PHASE-IV-1112,PMGSY,TN,Vellore,PMGSY Road to Vellore Habit #112,3.5,15.04,12.941367263562482,79.14163105699325,State Rural Roads Development Agency (SRRDA),2023-2024,COMPLETED
PMGSY-PHASE-IV-1113,PMGSY,GJ,Vadodara,PMGSY Road to Vadodara Habit #113,6.19,9.92,22.31742129312935,73.19562377036812,State Rural Roads Development Agency (SRRDA),2023-2024,COMPLETED
PMGSY-PHASE-IV-1114,PMGSY,TN,Vellore,PMGSY Road to Vellore Habit #114,1.69,33.49,12.897470916268214,79.1522944813925,State Rural Roads Development Agency (SRRDA),2023-2024,COMPLETED
PMGSY-PHASE-IV-1115,PMGSY,TN,Tirunelveli,PMGSY Road to Tirunelveli Habit #115,6.43,11.0,8.70868170192237,77.73318469195677,State Rural Roads Development Agency (SRRDA),2023-2024,COMPLETED
PMGSY-PHASE-IV-1116,PMGSY,WB,Murshidabad,PMGSY Road to Murshidabad Habit #116,4.29,28.84,24.170871595389418,88.2582255712882,State Rural Roads Development Agency (SRRDA),2023-2024,COMPLETED
PMGSY-PHASE-IV-1117,PMGSY,PB,Patiala,PMGSY Road to Patiala Habit #117,1.52,14.65,30.347342331673772,76.3786448921425,State Rural Roads Development Agency (SRRDA),2023-2024,COMPLETED
PMGSY-PHASE-IV-1118,PMGSY,DL,North Delhi,PMGSY Road to North Delhi Habit #118,8.47,33.68,28.742282002045837,77.12854177291892,State Rural Roads Development Agency (SRRDA),2023-2024,COMPLETED
PMGSY-PHASE-IV-1119,PMGSY,WB,Murshidabad,PMGSY Road to Murshidabad Habit #119,4.23,17.16,24.15213147040282,88.26884168597398,State Rural Roads Development Agency (SRRDA),2023-2024,COMPLETED
PMGSY-PHASE-IV-1120,PMGSY,OR,Baripada,PMGSY Road to Baripada Habit #120,2.05,8.47,21.948135433485035,86.72602340406534,State Rural Roads Development Agency (SRRDA),2023-2024,COMPLETED
PMGSY-PHASE-IV-1121,PMGSY,OR,Baripada,PMGSY Road to Baripada Habit #121,3.76,13.49,21.933093389460655,86.72057924820997,State Rural Roads Development Agency (SRRDA),2023-2024,COMPLETED
PMGSY-PHASE-IV-1122,PMGSY,HR,Panipat,PMGSY Road to Panipat Habit #122,1.74,31.27,29.38281969306346,76.93922158236579,State Rural Roads Development Agency (SRRDA),2023-2024,COMPLETED
PMGSY-PHASE-IV-1123,PMGSY,GJ,Vadodara,PMGSY Road to Vadodara Habit #123,7.55,16.14,22.329018806429794,73.1895949845668,State Rural Roads Development Agency (SRRDA),2023-2024,COMPLETED
PMGSY-PHASE-IV-1124,PMGSY,KA,Belagavi,PMGSY Road to Belagavi Habit #124,8.17,9.0,15.835102486065939,74.47728999562679,State Rural Roads Development Agency (SRRDA),2023-2024,COMPLETED
PMGSY-PHASE-IV-1125,PMGSY,GJ,Bhavnagar,PMGSY Road to Bhavnagar Habit #125,5.31,15.92,21.736088578968292,72.17586829209381,State Rural Roads Development Agency (SRRDA),2023-2024,COMPLETED
PMGSY-PHASE-IV-1126,PMGSY,BR,Darbhanga,PMGSY Road to Darbhanga Habit #126,5.27,18.73,26.126101316408402,85.91634574156116,State Rural Roads Development Agency (SRRDA),2023-2024,COMPLETED
PMGSY-PHASE-IV-1127,PMGSY,BR,Samastipur,PMGSY Road to Samastipur Habit #127,1.7,28.55,25.842365979306397,85.80246955835099,State Rural Roads Development Agency (SRRDA),2023-2024,COMPLETED
PMGSY-PHASE-IV-1128,PMGSY,GJ,Bhavnagar,PMGSY Road to Bhavnagar Habit #128,7.06,32.05,21.77139765048491,72.17313465952415,State Rural Roads Development Agency (SRRDA),2023-2024,COMPLETED
PMGSY-PHASE-IV-1129,PMGSY,DL,East Delhi,PMGSY Road to East Delhi Habit #129,3.71,31.7,28.60127397707994,77.28676331229849,State Rural Roads Development Agency (SRRDA),2023-2024,COMPLETED
PMGSY-PHASE-IV-1130,PMGSY,TN,Tirunelveli,PMGSY Road to Tirunelveli Habit #130,6.0,20.02,8.730502222073191,77.75690549983419,State Rural Roads Development Agency (SRRDA),2023-2024,COMPLETED
PMGSY-PHASE-IV-1131,PMGSY,MH,Nashik,PMGSY Road to Nashik Habit #131,4.68,35.29,19.97408683202936,73.79022343108707,State Rural Roads Development Agency (SRRDA),2023-2024,COMPLETED
PMGSY-PHASE-IV-1132,PMGSY,RJ,Bikaner,PMGSY Road to Bikaner Habit #132,3.64,18.56,27.996980934470123,73.32198251631507,State Rural Roads Development Agency (SRRDA),2023-2024,COMPLETED
PMGSY-PHASE-IV-1133,PMGSY,RJ,Bharatpur,PMGSY Road to Bharatpur Habit #133,7.81,8.87,27.191963096069387,77.52845646900212,State Rural Roads Development Agency (SRRDA),2023-2024,COMPLETED
PMGSY-PHASE-IV-1134,PMGSY,WB,Durgapur,PMGSY Road to Durgapur Habit #134,4.9,11.42,23.520410830961367,87.29813246497355,State Rural Roads Development Agency (SRRDA),2023-2024,COMPLETED
PMGSY-PHASE-IV-1135,PMGSY,PB,Bathinda,PMGSY Road to Bathinda Habit #135,5.63,8.8,30.23791926139926,74.93731991455049,State Rural Roads Development Agency (SRRDA),2023-2024,COMPLETED
PMGSY-PHASE-IV-1136,PMGSY,MP,Indore,PMGSY Road to Indore Habit #136,2.76,16.46,22.68897299290376,75.8400495630143,State Rural Roads Development Agency (SRRDA),2023-2024,COMPLETED
PMGSY-PHASE-IV-1137,PMGSY,TN,Coimbatore,PMGSY Road to Coimbatore Habit #137,7.49,28.81,10.998622054303388,76.9626400469726,State Rural Roads Development Agency (SRRDA),2023-2024,COMPLETED
PMGSY-PHASE-IV-1138,PMGSY,TN,Chennai,PMGSY Road to Chennai Habit #138,3.0,23.1,13.067328036637441,80.24179230580758,State Rural Roads Development Agency (SRRDA),2023-2024,COMPLETED
PMGSY-PHASE-IV-1139,PMGSY,RJ,Bharatpur,PMGSY Road to Bharatpur Habit #139,1.31,16.43,27.216807670618273,77.52016668862828,State Rural Roads Development Agency (SRRDA),2023-2024,COMPLETED
PMGSY-PHASE-IV-1140,PMGSY,TN,Erode,PMGSY Road to Erode Habit #140,1.88,32.57,11.333453225256095,77.68614822918816,State Rural Roads Development Agency (SRRDA),2023-2024,COMPLETED
PMGSY-PHASE-IV-1141,PMGSY,RJ,Jaipur,PMGSY Road to Jaipur Habit #141,1.65,29.46,26.916981375830396,75.80249990158757,State Rural Roads Development Agency (SRRDA),2023-2024,COMPLETED
PMGSY-PHASE-IV-1142,PMGSY,AP,Tirupati,PMGSY Road to Tirupati Habit #142,6.73,38.43,13.62135717826252,79.4265244826421,State Rural Roads Development Agency (SRRDA),2023-2024,COMPLETED
PMGSY-PHASE-IV-1143,PMGSY,TS,Warangal,PMGSY Road to Warangal Habit #143,5.7,32.66,17.97554839548599,79.6078090579318,State Rural Roads Development Agency (SRRDA),2023-2024,COMPLETED
PMGSY-PHASE-IV-1144,PMGSY,AP,Visakhapatnam,PMGSY Road to Visakhapatnam Habit #144,6.26,10.04,17.70054198373417,83.21077347478196,State Rural Roads Development Agency (SRRDA),2023-2024,COMPLETED
PMGSY-PHASE-IV-1145,PMGSY,MH,Nashik,PMGSY Road to Nashik Habit #145,3.06,11.56,20.01381861872259,73.79632336269535,State Rural Roads Development Agency (SRRDA),2023-2024,COMPLETED
PMGSY-PHASE-IV-1146,PMGSY,RJ,Bikaner,PMGSY Road to Bikaner Habit #146,1.28,7.73,28.05234453948079,73.32828488428842,State Rural Roads Development Agency (SRRDA),2023-2024,COMPLETED
PMGSY-PHASE-IV-1147,PMGSY,PB,Ludhiana,PMGSY Road to Ludhiana Habit #147,3.03,28.01,30.909307764364442,75.82809770042684,State Rural Roads Development Agency (SRRDA),2023-2024,COMPLETED
PMGSY-PHASE-IV-1148,PMGSY,TN,Vellore,PMGSY Road to Vellore Habit #148,7.76,15.67,12.909493201297705,79.1118111802739,State Rural Roads Development Agency (SRRDA),2023-2024,COMPLETED
PMGSY-PHASE-IV-1149,PMGSY,UP,Allahabad,PMGSY Road to Allahabad Habit #149,7.78,35.34,25.465385055923473,81.84924504397068,State Rural Roads Development Agency (SRRDA),2023-2024,COMPLETED
PMGSY-PHASE-IV-1150,PMGSY,PB,Jalandhar,PMGSY Road to Jalandhar Habit #150,7.6,30.52,31.346692168531614,75.59930166328384,State Rural Roads Development Agency (SRRDA),2023-2024,COMPLETED
