district_code,district_name,state_code,latitude,longitude,population,area_sq_km,secc_deprivation_score
DIST-MH-01,Pune,MH,18.5204,73.8567,9429408,15643,0.28
DIST-MH-02,Nashik,MH,19.9975,73.7898,6107187,15530,0.35
DIST-MH-03,Aurangabad,MH,19.8762,75.3433,3701282,10107,0.42
DIST-MH-04,Nagpur,MH,21.1458,79.0882,4653570,9892,0.31
DIST-MH-05,Kolhapur,MH,16.705,74.2433,3876001,7685,0.29
DIST-MH-06,Solapur,MH,17.6599,75.9064,4317756,14895,0.45
DIST-MH-07,Amravati,MH,20.9374,77.7796,2888445,12210,0.48
DIST-MH-08,Thane,MH,19.2183,72.9781,11060148,4214,0.24
DIST-UP-01,Lucknow,UP,26.8467,80.9462,4589838,2528,0.33
DIST-UP-02,Varanasi,UP,25.3176,82.9739,3676841,1535,0.41
DIST-UP-03,Allahabad,UP,25.4358,81.8463,5954391,5482,0.49
DIST-UP-04,Kanpur,UP,26.4499,80.3319,4581268,3155,0.38
DIST-UP-05,Agra,UP,27.1767,78.0081,4418797,4041,0.44
DIST-UP-06,Meerut,UP,28.9845,77.7064,3443689,2559,0.36
DIST-UP-07,Ghaziabad,UP,28.6692,77.4538,4681645,1179,0.26
DIST-UP-08,Bareilly,UP,28.367,79.4304,4448359,4120,0.52
DIST-MP-01,Bhopal,MP,23.2599,77.4126,2371061,2772,0.32
DIST-MP-02,Indore,MP,22.7196,75.8577,3276697,3898,0.29
DIST-MP-03,Gwalior,MP,26.2183,78.1828,2032036,4560,0.39
DIST-MP-04,Jabalpur,MP,23.1815,79.9864,2463289,5211,0.41
DIST-MP-05,Ujjain,MP,23.1765,75.7885,1986864,6091,0.43
DIST-MP-06,Rewa,MP,24.5362,81.3037,2365106,6314,0.55
DIST-MP-07,Sagar,MP,23.8388,78.7378,2378458,10252,0.51
DIST-MP-08,Satna,MP,24.5804,80.8293,2228935,7502,0.53
DIST-RJ-01,Jaipur,RJ,26.9124,75.7873,6626178,11143,0.3
DIST-RJ-02,Jodhpur,RJ,26.2389,73.0243,3687002,22850,0.38
DIST-RJ-03,Udaipur,RJ,24.5854,73.7125,3068420,11727,0.46
DIST-RJ-04,Kota,RJ,25.2138,75.8648,1951014,5217,0.34
DIST-RJ-05,Ajmer,RJ,26.4499,74.6399,2583052,8481,0.37
DIST-RJ-06,Bikaner,RJ,28.0229,73.3119,2363937,30247,0.42
DIST-RJ-07,Alwar,RJ,27.553,76.6346,3674179,8380,0.4
DIST-RJ-08,Bharatpur,RJ,27.2152,77.503,2548462,5066,0.45
DIST-GJ-01,Ahmedabad,GJ,23.0225,72.5714,7214225,8087,0.25
DIST-GJ-02,Surat,GJ,21.1702,72.8311,6081322,4418,0.27
DIST-GJ-03,Vadodara,GJ,22.3072,73.1812,4165626,7512,0.31
DIST-GJ-04,Rajkot,GJ,22.3039,70.8022,3804558,11203,0.33
DIST-GJ-05,Bhavnagar,GJ,21.7645,72.1519,2880365,10034,0.39
DIST-GJ-06,Gandhinagar,GJ,23.2156,72.6369,1391753,2163,0.26
DIST-GJ-07,Anand,GJ,22.5645,72.9289,2092745,4690,0.34
DIST-GJ-08,Mehsana,GJ,23.588,72.3693,2035064,4386,0.32
DIST-KA-01,Bengaluru,KA,12.9716,77.5946,9621551,2196,0.2
DIST-KA-02,Mysuru,KA,12.2958,76.6394,3001127,6854,0.32
DIST-KA-03,Hubballi,KA,15.3647,75.124,1847023,4260,0.35
DIST-KA-04,Mangaluru,KA,12.9141,74.856,2089649,4560,0.24
DIST-KA-05,Davangere,KA,14.4644,75.9218,1945497,5924,0.38
DIST-KA-06,Belagavi,KA,15.8497,74.4977,4779661,13415,0.4
DIST-KA-07,Kalaburagi,KA,17.3297,76.8343,2566326,10951,0.52
DIST-KA-08,Tumakuru,KA,13.3379,77.1173,2675349,10597,0.36
DIST-TN-01,Chennai,TN,13.0827,80.2707,7088403,426,0.21
DIST-TN-02,Coimbatore,TN,11.0168,76.9558,3458045,4723,0.23
DIST-TN-03,Madurai,TN,9.9252,78.1198,3038252,3741,0.33
DIST-TN-04,Tiruchirappalli,TN,10.7905,78.7047,2722290,4404,0.31
DIST-TN-05,Salem,TN,11.6643,78.146,3482056,5245,0.34
DIST-TN-06,Vellore,TN,12.9165,79.1325,3936331,6075,0.37
DIST-TN-07,Erode,TN,11.341,77.7172,2251744,5722,0.28
DIST-TN-08,Tirunelveli,TN,8.7139,77.7567,3077233,6823,0.35
DIST-WB-01,Kolkata,WB,22.5726,88.3639,4496694,205,0.26
DIST-WB-02,Howrah,WB,22.5958,88.2636,4850029,1467,0.32
DIST-WB-03,Durgapur,WB,23.5204,87.3119,2880000,2415,0.36
DIST-WB-04,Asansol,WB,23.6739,86.9524,2880000,2415,0.37
DIST-WB-05,Siliguri,WB,26.7271,88.3953,1846823,3149,0.41
DIST-WB-06,Bardhaman,WB,23.2324,87.8615,7717563,7024,0.44
DIST-WB-07,Malda,WB,25.0108,88.1411,3988845,3733,0.54
DIST-WB-08,Murshidabad,WB,24.1759,88.2802,7103807,5324,0.57
DIST-AP-01,Visakhapatnam,AP,17.6868,83.2185,4290589,11161,0.3
DIST-AP-02,Vijayawada,AP,16.5062,80.648,4517398,8727,0.29
DIST-AP-03,Tirupati,AP,13.6288,79.4192,4174064,15152,0.35
DIST-AP-04,Guntur,AP,16.3067,80.4365,4887813,11391,0.32
DIST-AP-05,Nellore,AP,14.4426,79.9865,2963557,13076,0.36
DIST-AP-06,Kurnool,AP,15.8281,78.0373,4053463,17658,0.46
DIST-AP-07,Kadapa,AP,14.4673,78.8242,2882469,15359,0.42
DIST-AP-08,Anantapur,AP,14.6819,77.6006,4081148,19130,0.47
DIST-TS-01,Hyderabad,TS,17.385,78.4867,3943323,217,0.22
DIST-TS-02,Warangal,TS,17.9689,79.5941,3512576,12847,0.38
DIST-TS-03,Nizamabad,TS,18.6725,78.0941,2551335,7956,0.43
DIST-TS-04,Karimnagar,TS,18.4386,79.1288,3776269,11823,0.39
DIST-TS-05,Khammam,TS,17.2473,80.1514,2797370,16029,0.44
DIST-TS-06,Ramagundam,TS,18.7551,79.4738,1200000,3200,0.37
DIST-TS-07,Suryapet,TS,17.1439,79.6239,1099529,3600,0.41
DIST-TS-08,Mahbubnagar,TS,16.7488,77.9856,4053028,18432,0.48
DIST-BR-01,Patna,BR,25.5941,85.1376,5838465,3202,0.42
DIST-BR-02,Gaya,BR,24.7914,85.0002,4391418,4976,0.56
DIST-BR-03,Bhagalpur,BR,25.2425,86.9842,3037766,2569,0.53
DIST-BR-04,Muzaffarpur,BR,26.1209,85.3647,4801062,3172,0.51
DIST-BR-05,Purnia,BR,25.7771,87.4753,3264619,3229,0.62
DIST-BR-06,Arrah,BR,25.556,84.6603,2728407,2395,0.48
DIST-BR-07,Darbhanga,BR,26.1542,85.8918,3937385,2279,0.55
DIST-BR-08,Samastipur,BR,25.8629,85.7811,4261566,2904,0.58
DIST-OR-01,Bhubaneswar,OR,20.2961,85.8245,2463429,2814,0.31
DIST-OR-02,Cuttack,OR,20.4625,85.8828,2624470,3932,0.36
DIST-OR-03,Rourkela,OR,22.2604,84.8536,2093437,9712,0.42
DIST-OR-04,Puri,OR,19.8135,85.8312,1698730,3479,0.38
DIST-OR-05,Sambalpur,OR,21.4669,83.9812,1041099,6657,0.44
DIST-OR-06,Berhampur,OR,19.315,84.7941,3529031,8206,0.46
DIST-OR-07,Balasore,OR,21.4934,86.9135,2320529,3806,0.47
DIST-OR-08,Baripada,OR,21.9346,86.7329,2519738,10418,0.61
DIST-HR-01,Gurugram,HR,28.4595,77.0266,1514432,1258,0.22
DIST-HR-02,Faridabad,HR,28.4089,77.3178,1809733,741,0.25
DIST-HR-03,Rohtak,HR,28.8955,76.6066,1061204,1745,0.3
DIST-HR-04,Hisar,HR,29.1492,75.7217,1743931,3983,0.33
DIST-HR-05,Panipat,HR,29.3909,76.9635,1205437,1268,0.31
DIST-HR-06,Ambala,HR,30.3782,76.7767,1128350,1574,0.27
DIST-HR-07,Yamunanagar,HR,30.129,77.2674,1214205,1768,0.34
DIST-HR-08,Karnal,HR,29.6857,76.9905,1505324,2520,0.32
DIST-PB-01,Ludhiana,PB,30.901,75.8573,3498739,3767,0.25
DIST-PB-02,Amritsar,PB,31.634,74.8723,2490656,2683,0.29
DIST-PB-03,Jalandhar,PB,31.326,75.5762,2193590,2632,0.26
DIST-PB-04,Patiala,PB,30.3398,76.3869,1895686,3218,0.3
DIST-PB-05,Bathinda,PB,30.211,74.9455,1388525,3385,0.34
DIST-PB-06,Mohali,PB,30.7046,76.7179,994628,1093,0.23
DIST-PB-07,Pathankot,PB,32.2689,75.6499,676598,929,0.32
DIST-PB-08,Moga,PB,30.823,75.1734,995746,2216,0.33
DIST-DL-01,New Delhi,DL,28.6139,77.209,142004,35,0.15
DIST-DL-02,North Delhi,DL,28.7501,77.1177,887978,61,0.22
DIST-DL-03,South Delhi,DL,28.5355,77.209,2731929,250,0.2
DIST-DL-04,East Delhi,DL,28.6277,77.2785,1709346,64,0.27
DIST-DL-05,West Delhi,DL,28.6663,77.0674,2543243,130,0.23
DIST-DL-06,Central Delhi,DL,28.6448,77.2167,582320,25,0.25
DIST-DL-07,Northeast Delhi,DL,28.7041,77.2773,2241624,62,0.33
DIST-DL-08,Northwest Delhi,DL,28.7306,77.0754,3656539,440,0.28
