state_code,state_name,region
AN,Andaman And Nicobar Islands,UT
AP,Andhra Pradesh,Southern
AR,Arunachal Pradesh,Northeastern
AS,Assam,Northeastern
BR,Bihar,Eastern
CG,Chhattisgarh,Central
CH,Chandigarh,UT
DD,The Dadra And Nagar Haveli And Daman And Diu,UT
DL,Delhi,Northern
GA,Goa,Western
GJ,Gujarat,Western
HP,Himachal Pradesh,Northern
HR,Haryana,Northern
JH,Jharkhand,Eastern
JK,Jammu And Kashmir,Northern
KA,Karnataka,Southern
KL,Kerala,Southern
LA,Ladakh,UT
LD,Lakshadweep,UT
MH,Maharashtra,Western
ML,Meghalaya,Northeastern
MN,Manipur,Northeastern
MP,Madhya Pradesh,Central
MZ,Mizoram,Northeastern
NL,Nagaland,Northeastern
OR,Odisha,Eastern
PB,Punjab,Northern
PY,Puducherry,UT
RJ,Rajasthan,Northern
SK,Sikkim,Northeastern
TN,Tamil Nadu,Southern
TR,Tripura,Northeastern
TS,Telangana,Southern
UK,Uttarakhand,Northern
UP,Uttar Pradesh,Northern
WB,West Bengal,Eastern
